# https://github.com/mikedh/trimesh
v 1.01417449 56.03887986 -11.00000000
v 2.40542289 55.22622092 -11.00000000
v 3.69606349 54.44789112 -11.00000000
v 4.84221581 53.77979001 -11.00000000
v 6.07475271 53.06494582 -11.00000000
v 7.30728961 52.35010163 -11.00000000
v 8.53982651 51.63525744 -11.00000000
v 9.77236341 50.92041325 -11.00000000
v 11.00490031 50.20556906 -11.00000000
v 12.23743721 49.49072487 -11.00000000
v 13.46997411 48.77588068 -11.00000000
v 14.70251101 48.06103649 -11.00000000
v 15.93769141 47.35077142 -11.00000000
v 17.17309269 46.64088897 -11.00000000
v 18.40849398 45.93100653 -11.00000000
v 19.64389527 45.22112409 -11.00000000
v 20.87929656 44.51124165 -11.00000000
v 22.11469785 43.80135921 -11.00000000
v 23.35009914 43.09147676 -11.00000000
v 24.58550042 42.38159432 -11.00000000
v 25.82090171 41.67171188 -11.00000000
v 27.05630300 40.96182944 -11.00000000
v 28.29170429 40.25194700 -11.00000000
v 29.52710558 39.54206455 -11.00000000
v 30.76250687 38.83218211 -11.00000000
v 31.99790816 38.12229967 -11.00000000
v 33.23330944 37.41241723 -11.00000000
v 34.46871073 36.70253478 -11.00000000
v 35.70411202 35.99265234 -11.00000000
v 36.93951331 35.28276990 -11.00000000
v 38.17491460 34.57288746 -11.00000000
v 39.41031589 33.86300502 -11.00000000
v 40.64571717 33.15312257 -11.00000000
v 41.88179133 32.44441278 -11.00000000
v 43.11806518 31.73605102 -11.00000000
v 44.35433903 31.02768925 -11.00000000
v 45.59061288 30.31932749 -11.00000000
v 46.75560956 29.65392964 -11.00000000
v 48.07544453 28.91795228 -11.00000000
v 49.44715930 28.08392594 -11.00000000
v 50.00000000 27.11358461 -11.00000000
v 50.00000000 25.68875149 -11.00000000
v 50.00000000 24.26391837 -11.00000000
v 50.00000000 22.83908524 -11.00000000
v 50.00000000 21.41425212 -11.00000000
v 50.00000000 19.98941900 -11.00000000
v 50.00000000 18.56458588 -11.00000000
v 50.00000000 17.13975276 -11.00000000
v 50.00000000 15.71491963 -11.00000000
v 50.00000000 14.29008651 -11.00000000
v 50.00000000 12.86525339 -11.00000000
v 50.00000000 11.44042027 -11.00000000
v 50.00000000 10.01558715 -11.00000000
v 50.00000000 8.59075403 -11.00000000
v 50.00000000 7.16592090 -11.00000000
v 50.00000000 5.74108778 -11.00000000
v 50.00000000 4.31625466 -11.00000000
v 50.00000000 2.89142154 -11.00000000
v 50.00000000 1.46658842 -11.00000000
v 50.00000000 0.04175529 -11.00000000
v 50.00000000 -1.38307783 -11.00000000
v 50.00000000 -2.80791095 -11.00000000
v 50.00000000 -4.23274407 -11.00000000
v 50.00000000 -5.65757719 -11.00000000
v 50.00000000 -7.08241032 -11.00000000
v 50.00000000 -8.50724344 -11.00000000
v 50.00000000 -9.93207656 -11.00000000
v 50.00000000 -11.35690968 -11.00000000
v 50.00000000 -12.78174280 -11.00000000
v 50.00000000 -14.20657592 -11.00000000
v 50.00000000 -15.63140905 -11.00000000
v 50.00000000 -17.05624217 -11.00000000
v 50.00000000 -18.48107529 -11.00000000
v 50.00000000 -19.90590841 -11.00000000
v 50.00000000 -21.33074153 -11.00000000
v 50.00000000 -22.75557466 -11.00000000
v 50.00000000 -24.18040778 -11.00000000
v 50.00000000 -25.60524090 -11.00000000
v 50.00000000 -27.03007402 -11.00000000
v 49.69737194 -27.99216925 -11.00000000
v 48.47012683 -28.75814864 -11.00000000
v 46.88809515 -29.66819615 -11.00000000
v 45.51171478 -30.44027534 -11.00000000
v 44.50284974 -31.02144951 -11.00000000
v 43.27253575 -31.74010726 -11.00000000
v 42.04130521 -32.45720341 -11.00000000
v 40.80916010 -33.17273399 -11.00000000
v 39.57610239 -33.88669503 -11.00000000
v 38.34213409 -34.59908257 -11.00000000
v 37.10725716 -35.30989264 -11.00000000
v 35.87147360 -36.01912127 -11.00000000
v 34.63478538 -36.72676448 -11.00000000
v 33.39719449 -37.43281832 -11.00000000
v 32.15870293 -38.13727881 -11.00000000
v 30.91931266 -38.84014198 -11.00000000
v 29.68228437 -39.54714460 -11.00000000
v 28.44769507 -40.25843828 -11.00000000
v 27.21310578 -40.96973195 -11.00000000
v 25.97851648 -41.68102562 -11.00000000
v 24.74392718 -42.39231929 -11.00000000
v 23.50933788 -43.10361297 -11.00000000
v 22.27474858 -43.81490664 -11.00000000
v 21.04015928 -44.52620031 -11.00000000
v 19.80556998 -45.23749399 -11.00000000
v 18.57098068 -45.94878766 -11.00000000
v 17.33639139 -46.66008133 -11.00000000
v 16.10180209 -47.37137500 -11.00000000
v 14.86721279 -48.08266868 -11.00000000
v 13.63262349 -48.79396235 -11.00000000
v 12.39803419 -49.50525602 -11.00000000
v 11.16344489 -50.21654970 -11.00000000
v 9.92907758 -50.92822779 -11.00000000
v 8.69589096 -51.64195055 -11.00000000
v 7.46270433 -52.35567331 -11.00000000
v 6.22951771 -53.06939607 -11.00000000
v 4.99633109 -53.78311883 -11.00000000
v 3.76474455 -54.50765499 -11.00000000
v 2.53923425 -55.22430593 -11.00000000
v 1.30419265 -55.92491578 -11.00000000
v 0.04374717 -56.60184217 -11.00000000
v -1.23364127 -55.93386707 -11.00000000
v -2.44695358 -55.22506057 -11.00000000
v -3.67775628 -54.50723459 -11.00000000
v -4.90855897 -53.78940860 -11.00000000
v -6.14307039 -53.07798181 -11.00000000
v -7.37777906 -52.36689536 -11.00000000
v -8.61248772 -51.65580892 -11.00000000
v -9.84719639 -50.94472247 -11.00000000
v -11.08190506 -50.23363603 -11.00000000
v -12.31661373 -49.52254959 -11.00000000
v -13.55132239 -48.81146314 -11.00000000
v -14.78603106 -48.10037670 -11.00000000
v -16.02092637 -47.38961488 -11.00000000
v -17.25667067 -46.68032971 -11.00000000
v -18.49241497 -45.97104454 -11.00000000
v -19.72815927 -45.26175937 -11.00000000
v -20.96390357 -44.55247420 -11.00000000
v -22.19964787 -43.84318903 -11.00000000
v -23.43539217 -43.13390387 -11.00000000
v -24.67113647 -42.42461870 -11.00000000
v -25.90688077 -41.71533353 -11.00000000
v -27.14262507 -41.00604836 -11.00000000
v -28.37836937 -40.29676319 -11.00000000
v -29.61411367 -39.58747803 -11.00000000
v -30.84985797 -38.87819286 -11.00000000
v -32.08560227 -38.16890769 -11.00000000
v -33.32134657 -37.45962252 -11.00000000
v -34.55709087 -36.75033735 -11.00000000
v -35.79283517 -36.04105218 -11.00000000
v -37.02857947 -35.33176702 -11.00000000
v -38.26432377 -34.62248185 -11.00000000
v -39.50016667 -33.91336851 -11.00000000
v -40.73608525 -33.20438707 -11.00000000
v -41.97200384 -32.49540564 -11.00000000
v -43.20792243 -31.78642421 -11.00000000
v -44.44384102 -31.07744278 -11.00000000
v -45.67975960 -30.36846134 -11.00000000
v -46.86197620 -29.69480595 -11.00000000
v -48.17983753 -28.95531753 -11.00000000
v -49.46513997 -28.20586434 -11.00000000
v -50.00000000 -27.16082262 -11.00000000
v -50.00000000 -25.73598950 -11.00000000
v -50.00000000 -24.31115637 -11.00000000
v -50.00000000 -22.88632325 -11.00000000
v -50.00000000 -21.46149013 -11.00000000
v -50.00000000 -20.03665701 -11.00000000
v -50.00000000 -18.61182389 -11.00000000
v -50.00000000 -17.18699076 -11.00000000
v -50.00000000 -15.76215764 -11.00000000
v -50.00000000 -14.33732452 -11.00000000
v -50.00000000 -12.91249140 -11.00000000
v -50.00000000 -11.48765828 -11.00000000
v -50.00000000 -10.06282516 -11.00000000
v -50.00000000 -8.63799203 -11.00000000
v -50.00000000 -7.21315891 -11.00000000
v -50.00000000 -5.78832579 -11.00000000
v -50.00000000 -4.36349267 -11.00000000
v -50.00000000 -2.93865955 -11.00000000
v -50.00000000 -1.51382642 -11.00000000
v -50.00000000 -0.08899330 -11.00000000
v -50.00000000 1.33583982 -11.00000000
v -50.00000000 2.76067294 -11.00000000
v -50.00000000 4.18550606 -11.00000000
v -50.00000000 5.61033919 -11.00000000
v -50.00000000 7.03517231 -11.00000000
v -50.00000000 8.46000543 -11.00000000
v -50.00000000 9.88483855 -11.00000000
v -50.00000000 11.30967167 -11.00000000
v -50.00000000 12.73450479 -11.00000000
v -50.00000000 14.15933792 -11.00000000
v -50.00000000 15.58417104 -11.00000000
v -50.00000000 17.00900416 -11.00000000
v -50.00000000 18.43383728 -11.00000000
v -50.00000000 19.85867040 -11.00000000
v -50.00000000 21.28350353 -11.00000000
v -50.00000000 22.70833665 -11.00000000
v -50.00000000 24.13316977 -11.00000000
v -50.00000000 25.55800289 -11.00000000
v -50.00000000 26.98283601 -11.00000000
v -49.45575603 28.06835550 -11.00000000
v -48.21019866 28.78580586 -11.00000000
v -46.97172230 29.49030975 -11.00000000
v -45.73680188 30.20101357 -11.00000000
v -44.50334874 30.91427563 -11.00000000
v -43.26989559 31.62753769 -11.00000000
v -42.03644245 32.34079975 -11.00000000
v -40.80298930 33.05406180 -11.00000000
v -39.56953615 33.76732386 -11.00000000
v -38.33608301 34.48058592 -11.00000000
v -37.10206924 35.19287758 -11.00000000
v -35.86804369 35.90514886 -11.00000000
v -34.63401815 36.61742014 -11.00000000
v -33.39999260 37.32969142 -11.00000000
v -32.16596705 38.04196270 -11.00000000
v -30.93194151 38.75423398 -11.00000000
v -29.69791596 39.46650526 -11.00000000
v -28.46389042 40.17877654 -11.00000000
v -27.22986487 40.89104782 -11.00000000
v -25.99583932 41.60331910 -11.00000000
v -24.76181378 42.31559038 -11.00000000
v -23.52778823 43.02786166 -11.00000000
v -22.29376268 43.74013294 -11.00000000
v -21.05973714 44.45240422 -11.00000000
v -19.82571159 45.16467550 -11.00000000
v -18.59168605 45.87694678 -11.00000000
v -17.35766050 46.58921806 -11.00000000
v -16.12363495 47.30148934 -11.00000000
v -14.88960941 48.01376062 -11.00000000
v -13.65558386 48.72603190 -11.00000000
v -12.42155831 49.43830318 -11.00000000
v -11.18769355 50.15085277 -11.00000000
v -9.95424104 50.86411592 -11.00000000
v -8.72078853 51.57737907 -11.00000000
v -7.48733601 52.29064222 -11.00000000
v -6.25388350 53.00390538 -11.00000000
v -5.02043099 53.71716853 -11.00000000
v -3.78697848 54.43043168 -11.00000000
v -2.58618202 55.12711818 -11.00000000
v -1.28320487 55.92263550 -11.00000000
v -0.10576816 56.60184217 -11.00000000
v -12.49728231 28.68283774 -11.00000000
v -12.15808671 28.50923841 -11.00000000
v -11.82043542 28.33342475 -11.00000000
v -11.48420160 28.15555313 -11.00000000
v -11.14925844 27.97577992 -11.00000000
v -10.81547909 27.79426149 -11.00000000
v -10.48273673 27.61115424 -11.00000000
v -10.15090451 27.42661452 -11.00000000
v -9.81985562 27.24079872 -11.00000000
v -9.48946321 27.05386322 -11.00000000
v -9.15960046 26.86596439 -11.00000000
v -8.83014054 26.67725860 -11.00000000
v -8.50095660 26.48790224 -11.00000000
v -8.17192183 26.29805168 -11.00000000
v -7.84290939 26.10786329 -11.00000000
v -7.51379244 25.91749345 -11.00000000
v -7.18444416 25.72709854 -11.00000000
v -6.85473771 25.53683493 -11.00000000
v -6.52461318 25.34725275 -11.00000000
v -6.19435539 25.15908192 -11.00000000
v -5.86392135 24.97122126 -11.00000000
v -5.53331129 24.78367088 -11.00000000
v -5.20252545 24.59643089 -11.00000000
v -4.87156408 24.40950142 -11.00000000
v -4.54042740 24.22288259 -11.00000000
v -4.20911565 24.03657451 -11.00000000
v -3.87762906 23.85057730 -11.00000000
v -3.54596788 23.66489108 -11.00000000
v -3.21413234 23.47951597 -11.00000000
v -2.88212268 23.29445208 -11.00000000
v -2.54993913 23.10969953 -11.00000000
v -2.21758192 22.92525845 -11.00000000
v -1.88505131 22.74112894 -11.00000000
v -1.55234751 22.55731114 -11.00000000
v -1.21947077 22.37380515 -11.00000000
v -0.88642132 22.19061109 -11.00000000
v -0.79467231 21.93934282 -11.00000000
v -0.96044041 21.60178751 -11.00000000
v -1.11380707 21.25377911 -11.00000000
v -1.25903749 20.89928715 -11.00000000
v -1.40039689 20.54228110 -11.00000000
v -1.54215049 20.18673050 -11.00000000
v -1.68856351 19.83660483 -11.00000000
v -1.84420854 19.49152522 -11.00000000
v -2.00221664 19.14581913 -11.00000000
v -2.16022475 18.80011305 -11.00000000
v -2.31823285 18.45440696 -11.00000000
v -2.47624095 18.10870088 -11.00000000
v -2.63424906 17.76299479 -11.00000000
v -2.79225716 17.41728870 -11.00000000
v -2.95026526 17.07158262 -11.00000000
v -3.10827337 16.72587653 -11.00000000
v -3.26628147 16.38017045 -11.00000000
v -3.42428958 16.03446436 -11.00000000
v -3.58229768 15.68875828 -11.00000000
v -3.74030578 15.34305219 -11.00000000
v -3.89831389 14.99734611 -11.00000000
v -4.05632199 14.65164002 -11.00000000
v -4.21398628 14.30577716 -11.00000000
v -4.37137851 13.95979025 -11.00000000
v -4.52877073 13.61380333 -11.00000000
v -4.68616296 13.26781642 -11.00000000
v -4.84355518 12.92182950 -11.00000000
v -5.00094741 12.57584258 -11.00000000
v -5.15833963 12.22985567 -11.00000000
v -5.31573186 11.88386875 -11.00000000
v -5.47312408 11.53788184 -11.00000000
v -5.63051631 11.19189492 -11.00000000
v -5.78790853 10.84590801 -11.00000000
v -5.94530076 10.49992109 -11.00000000
v -6.10269298 10.15393417 -11.00000000
v -6.26008521 9.80794726 -11.00000000
v -6.41747744 9.46196034 -11.00000000
v -6.57486966 9.11597343 -11.00000000
v -6.73226189 8.76998651 -11.00000000
v -6.88965411 8.42399960 -11.00000000
v -7.04704634 8.07801268 -11.00000000
v -7.20443856 7.73202576 -11.00000000
v -7.36183079 7.38603885 -11.00000000
v -7.51922301 7.04005193 -11.00000000
v -7.67661524 6.69406502 -11.00000000
v -7.83400746 6.34807810 -11.00000000
v -7.99139969 6.00209119 -11.00000000
v -8.14879191 5.65610427 -11.00000000
v -8.30618414 5.31011735 -11.00000000
v -8.46357636 4.96413044 -11.00000000
v -8.62096859 4.61814352 -11.00000000
v -8.77836081 4.27215661 -11.00000000
v -8.93575304 3.92616969 -11.00000000
v -9.09314526 3.58018278 -11.00000000
v -9.25053749 3.23419586 -11.00000000
v -9.40792971 2.88820894 -11.00000000
v -9.56532194 2.54222203 -11.00000000
v -9.72271416 2.19623511 -11.00000000
v -9.88010639 1.85024820 -11.00000000
v -10.03749861 1.50426128 -11.00000000
v -10.19489084 1.15827437 -11.00000000
v -10.35228306 0.81228745 -11.00000000
v -10.50967529 0.46630053 -11.00000000
v -10.66706751 0.12031362 -11.00000000
v -10.82445974 -0.22567330 -11.00000000
v -10.98120462 -0.57183035 -11.00000000
v -11.13680335 -0.91851652 -11.00000000
v -11.29178453 -1.26560087 -11.00000000
v -11.44636023 -1.61295951 -11.00000000
v -11.60074248 -1.96046855 -11.00000000
v -11.75514334 -2.30800411 -11.00000000
v -11.90977486 -2.65544230 -11.00000000
v -12.06484910 -3.00265922 -11.00000000
v -12.22057810 -3.34953099 -11.00000000
v -12.37717392 -3.69593373 -11.00000000
v -12.53484860 -4.04174353 -11.00000000
v -12.69381420 -4.38683652 -11.00000000
v -12.85428278 -4.73108880 -11.00000000
v -13.01503234 -5.07206745 -11.00000000
v -13.17485946 -5.41423093 -11.00000000
v -13.33739770 -5.76204108 -11.00000000
v -13.50352060 -6.11082188 -11.00000000
v -13.67410169 -6.45589731 -11.00000000
v -13.85001453 -6.79259135 -11.00000000
v -14.03213265 -7.11622798 -11.00000000
v -14.35786977 -6.96540918 -11.00000000
v -14.69045007 -6.78881269 -11.00000000
v -15.02341265 -6.60789575 -11.00000000
v -15.35656178 -6.42333955 -11.00000000
v -15.68970170 -6.23582531 -11.00000000
v -16.02263670 -6.04603423 -11.00000000
v -16.35517103 -5.85464753 -11.00000000
v -16.68710895 -5.66234640 -11.00000000
v -17.01825473 -5.46981207 -11.00000000
v -17.34841262 -5.27772573 -11.00000000
v -17.67738690 -5.08676860 -11.00000000
v -18.00498181 -4.89762188 -11.00000000
v -18.33100163 -4.71096678 -11.00000000
v -18.66078589 -4.52445022 -11.00000000
v -18.99175214 -4.33752617 -11.00000000
v -19.32271839 -4.15060212 -11.00000000
v -19.65368463 -3.96367807 -11.00000000
v -19.98465088 -3.77675402 -11.00000000
v -20.31561713 -3.58982998 -11.00000000
v -20.64658338 -3.40290593 -11.00000000
v -20.97754963 -3.21598188 -11.00000000
v -21.30851588 -3.02905783 -11.00000000
v -21.63948213 -2.84213378 -11.00000000
v -21.97044838 -2.65520973 -11.00000000
v -22.30141463 -2.46828568 -11.00000000
v -22.63238088 -2.28136163 -11.00000000
v -22.96334713 -2.09443758 -11.00000000
v -23.29431338 -1.90751353 -11.00000000
v -23.62527963 -1.72058948 -11.00000000
v -23.95624588 -1.53366543 -11.00000000
v -24.28721212 -1.34674138 -11.00000000
v -24.61817837 -1.15981733 -11.00000000
v -24.94914462 -0.97289328 -11.00000000
v -25.28011087 -0.78596924 -11.00000000
v -25.61107712 -0.59904519 -11.00000000
v -25.76842043 -0.36244221 -11.00000000
v -25.60734231 -0.03201268 -11.00000000
v -25.44647812 0.30211967 -11.00000000
v -25.28584105 0.63962998 -11.00000000
v -25.12544428 0.98019339 -11.00000000
v -24.96530098 1.32348503 -11.00000000
v -24.80542433 1.66918001 -11.00000000
v -24.64582753 2.01695349 -11.00000000
v -24.48652374 2.36648058 -11.00000000
v -24.32752616 2.71743641 -11.00000000
v -24.16884795 3.06949613 -11.00000000
v -24.01050230 3.42233485 -11.00000000
v -23.85250240 3.77562771 -11.00000000
v -23.69486142 4.12904984 -11.00000000
v -23.53759254 4.48227637 -11.00000000
v -23.38070894 4.83498244 -11.00000000
v -23.22422381 5.18684316 -11.00000000
v -23.06815032 5.53753368 -11.00000000
v -22.91250167 5.88672912 -11.00000000
v -22.75729101 6.23410462 -11.00000000
v -22.60253155 6.57933530 -11.00000000
v -22.44823646 6.92209629 -11.00000000
v -22.29441891 7.26206273 -11.00000000
v -22.14109209 7.59890975 -11.00000000
v -21.98365169 7.94316256 -11.00000000
v -21.82554553 8.28882382 -11.00000000
v -21.66743937 8.63448507 -11.00000000
v -21.50933322 8.98014632 -11.00000000
v -21.35122706 9.32580758 -11.00000000
v -21.19312090 9.67146883 -11.00000000
v -21.03501475 10.01713008 -11.00000000
v -20.87690859 10.36279133 -11.00000000
v -20.71880244 10.70845259 -11.00000000
v -20.56069628 11.05411384 -11.00000000
v -20.40259012 11.39977509 -11.00000000
v -20.24448397 11.74543635 -11.00000000
v -20.08637781 12.09109760 -11.00000000
v -19.92827165 12.43675885 -11.00000000
v -19.77016550 12.78242010 -11.00000000
v -19.61205934 13.12808136 -11.00000000
v -19.45395318 13.47374261 -11.00000000
v -19.29584703 13.81940386 -11.00000000
v -19.13774087 14.16506512 -11.00000000
v -18.97963472 14.51072637 -11.00000000
v -18.82152856 14.85638762 -11.00000000
v -18.66342240 15.20204887 -11.00000000
v -18.50531625 15.54771013 -11.00000000
v -18.34721009 15.89337138 -11.00000000
v -18.18910393 16.23903263 -11.00000000
v -18.03099778 16.58469389 -11.00000000
v -17.87289162 16.93035514 -11.00000000
v -17.71478547 17.27601639 -11.00000000
v -17.55667931 17.62167764 -11.00000000
v -17.39857315 17.96733890 -11.00000000
v -17.24046700 18.31300015 -11.00000000
v -17.08236084 18.65866140 -11.00000000
v -16.92425468 19.00432266 -11.00000000
v -16.76614853 19.34998391 -11.00000000
v -16.60804237 19.69564516 -11.00000000
v -16.44993622 20.04130641 -11.00000000
v -16.29183006 20.38696767 -11.00000000
v -16.13372390 20.73262892 -11.00000000
v -15.97561775 21.07829017 -11.00000000
v -15.81751159 21.42395143 -11.00000000
v -15.65940543 21.76961268 -11.00000000
v -15.50129928 22.11527393 -11.00000000
v -15.34319312 22.46093518 -11.00000000
v -15.18508696 22.80659644 -11.00000000
v -15.02698081 23.15225769 -11.00000000
v -14.86887465 23.49791894 -11.00000000
v -14.71076850 23.84358020 -11.00000000
v -14.55266234 24.18924145 -11.00000000
v -14.39455618 24.53490270 -11.00000000
v -14.23645003 24.88056395 -11.00000000
v -14.07834387 25.22622521 -11.00000000
v -13.92023771 25.57188646 -11.00000000
v -13.76213156 25.91754771 -11.00000000
v -13.60402540 26.26320897 -11.00000000
v -13.44591925 26.60887022 -11.00000000
v -13.28781309 26.95453147 -11.00000000
v -13.12970693 27.30019272 -11.00000000
v -12.97160078 27.64585398 -11.00000000
v -12.81349462 27.99151523 -11.00000000
v -12.65538846 28.33717648 -11.00000000
v 12.41874653 28.65344228 -11.00000000
v 12.63041985 28.38003750 -11.00000000
v 12.79814199 28.00501028 -11.00000000
v 12.97322521 27.67319924 -11.00000000
v 13.14397842 27.33458226 -11.00000000
v 13.30924072 26.99308334 -11.00000000
v 13.47018134 26.64934332 -11.00000000
v 13.62796950 26.30400300 -11.00000000
v 13.78377443 25.95770323 -11.00000000
v 13.93876536 25.61108482 -11.00000000
v 14.09411150 25.26478860 -11.00000000
v 14.25098208 24.91945539 -11.00000000
v 14.41171936 24.57578322 -11.00000000
v 14.57237416 24.23201459 -11.00000000
v 14.73252799 23.88800451 -11.00000000
v 14.89217840 23.54375384 -11.00000000
v 15.05132292 23.19926344 -11.00000000
v 15.20995912 22.85453417 -11.00000000
v 15.36808453 22.50956688 -11.00000000
v 15.52569669 22.16436245 -11.00000000
v 15.68279315 21.81892172 -11.00000000
v 15.83937146 21.47324555 -11.00000000
v 15.99542916 21.12733481 -11.00000000
v 16.15096380 20.78119036 -11.00000000
v 16.30597291 20.43481304 -11.00000000
v 16.46045406 20.08820373 -11.00000000
v 16.61848839 19.74320377 -11.00000000
v 16.77683310 19.39834401 -11.00000000
v 16.93517780 19.05348426 -11.00000000
v 17.09352251 18.70862450 -11.00000000
v 17.25186721 18.36376475 -11.00000000
v 17.41021192 18.01890499 -11.00000000
v 17.56855663 17.67404524 -11.00000000
v 17.72690133 17.32918548 -11.00000000
v 17.88524604 16.98432573 -11.00000000
v 18.04359074 16.63946597 -11.00000000
v 18.20193545 16.29460621 -11.00000000
v 18.36028016 15.94974646 -11.00000000
v 18.51862486 15.60488670 -11.00000000
v 18.67696957 15.26002695 -11.00000000
v 18.83531428 14.91516719 -11.00000000
v 18.99365898 14.57030744 -11.00000000
v 19.15200369 14.22544768 -11.00000000
v 19.31034839 13.88058792 -11.00000000
v 19.46869310 13.53572817 -11.00000000
v 19.62703781 13.19086841 -11.00000000
v 19.78538251 12.84600866 -11.00000000
v 19.94372722 12.50114890 -11.00000000
v 20.10207193 12.15628915 -11.00000000
v 20.26041663 11.81142939 -11.00000000
v 20.41876134 11.46656963 -11.00000000
v 20.57710604 11.12170988 -11.00000000
v 20.73545075 10.77685012 -11.00000000
v 20.88971313 10.43639155 -11.00000000
v 21.04279875 10.09613467 -11.00000000
v 21.19620360 9.75441147 -11.00000000
v 21.34992769 9.41133827 -11.00000000
v 21.50397101 9.06703139 -11.00000000
v 21.65833356 8.72160714 -11.00000000
v 21.81301535 8.37518183 -11.00000000
v 21.96801637 8.02787180 -11.00000000
v 22.12333663 7.67979334 -11.00000000
v 22.27897612 7.33106279 -11.00000000
v 22.43493485 6.98179645 -11.00000000
v 22.59121281 6.63211064 -11.00000000
v 22.74781000 6.28212169 -11.00000000
v 22.90472643 5.93194589 -11.00000000
v 23.06196209 5.58169959 -11.00000000
v 23.21951698 5.23149908 -11.00000000
v 23.37739112 4.88146068 -11.00000000
v 23.53558448 4.53170072 -11.00000000
v 23.69409708 4.18233551 -11.00000000
v 23.85292891 3.83348136 -11.00000000
v 24.01207998 3.48525460 -11.00000000
v 24.17155028 3.13777154 -11.00000000
v 24.33133981 2.79114849 -11.00000000
v 24.49144858 2.44550177 -11.00000000
v 24.65187659 2.10094771 -11.00000000
v 24.81262382 1.75760261 -11.00000000
v 24.97369030 1.41558279 -11.00000000
v 25.13507600 1.07500457 -11.00000000
v 25.29678094 0.73598427 -11.00000000
v 25.45880512 0.39863820 -11.00000000
v 25.62114853 0.06308268 -11.00000000
v 25.78381117 -0.27056598 -11.00000000
v 25.64885071 -0.51836687 -11.00000000
v 25.32465315 -0.71206156 -11.00000000
v 24.99948034 -0.90495916 -11.00000000
v 24.67340698 -1.09711500 -11.00000000
v 24.34650778 -1.28858440 -11.00000000
v 24.01885745 -1.47942271 -11.00000000
v 23.69053067 -1.66968524 -11.00000000
v 23.36160216 -1.85942733 -11.00000000
v 23.03214662 -2.04870430 -11.00000000
v 22.70223875 -2.23757148 -11.00000000
v 22.37195325 -2.42608421 -11.00000000
v 22.04136483 -2.61429779 -11.00000000
v 21.71054818 -2.80226758 -11.00000000
v 21.37957802 -2.99004889 -11.00000000
v 21.04852904 -3.17769705 -11.00000000
v 20.71747594 -3.36526739 -11.00000000
v 20.38649343 -3.55281524 -11.00000000
v 20.05565622 -3.74039593 -11.00000000
v 19.72503899 -3.92806479 -11.00000000
v 19.39471646 -4.11587714 -11.00000000
v 19.06476333 -4.30388831 -11.00000000
v 18.73525430 -4.49215363 -11.00000000
v 18.40626407 -4.68072843 -11.00000000
v 18.07786735 -4.86966804 -11.00000000
v 17.75013884 -5.05902778 -11.00000000
v 17.42315323 -5.24886299 -11.00000000
v 17.09698972 -5.43848008 -11.00000000
v 16.76816357 -5.62573522 -11.00000000
v 16.43633241 -5.81128348 -11.00000000
v 16.10262244 -5.99580877 -11.00000000
v 15.76815987 -6.17999501 -11.00000000
v 15.43407090 -6.36452610 -11.00000000
v 15.10148170 -6.55008596 -11.00000000
v 14.77151850 -6.73735848 -11.00000000
v 14.44530748 -6.92702759 -11.00000000
v 14.15089478 -7.06745835 -11.00000000
v 14.00744632 -6.83900530 -11.00000000
v 13.83951605 -6.53786341 -11.00000000
v 13.65429081 -6.18229287 -11.00000000
v 13.45895742 -5.79055387 -11.00000000
v 13.26070275 -5.38090659 -11.00000000
v 13.06671362 -4.97161123 -11.00000000
v 12.88417688 -4.58092796 -11.00000000
v 12.72027936 -4.22711697 -11.00000000
v 12.58220791 -3.92843845 -11.00000000
v 12.45306425 -3.65151047 -11.00000000
v 12.29231412 -3.30775138 -11.00000000
v 12.13179575 -2.96388878 -11.00000000
v 11.97150958 -2.61992211 -11.00000000
v 11.81145604 -2.27585080 -11.00000000
v 11.65163556 -1.93167428 -11.00000000
v 11.49204859 -1.58739200 -11.00000000
v 11.33269554 -1.24300339 -11.00000000
v 11.17357687 -0.89850788 -11.00000000
v 11.01469300 -0.55390491 -11.00000000
v 10.85604437 -0.20919392 -11.00000000
v 10.69763140 0.13562567 -11.00000000
v 10.53945454 0.48055441 -11.00000000
v 10.38151423 0.82559287 -11.00000000
v 10.22381088 1.17074162 -11.00000000
v 10.06634495 1.51600121 -11.00000000
v 9.90911685 1.86137222 -11.00000000
v 9.75212703 2.20685520 -11.00000000
v 9.59537593 2.55245073 -11.00000000
v 9.43886397 2.89815936 -11.00000000
v 9.28059135 3.24305460 -11.00000000
v 9.12124032 3.58745051 -11.00000000
v 8.96188929 3.93184643 -11.00000000
v 8.80253826 4.27624234 -11.00000000
v 8.64318723 4.62063826 -11.00000000
v 8.48383620 4.96503417 -11.00000000
v 8.32448517 5.30943009 -11.00000000
v 8.16513414 5.65382600 -11.00000000
v 8.00578311 5.99822192 -11.00000000
v 7.84643208 6.34261784 -11.00000000
v 7.68708105 6.68701375 -11.00000000
v 7.52773002 7.03140967 -11.00000000
v 7.36837899 7.37580558 -11.00000000
v 7.20902796 7.72020150 -11.00000000
v 7.04967693 8.06459741 -11.00000000
v 6.89032590 8.40899333 -11.00000000
v 6.73097487 8.75338924 -11.00000000
v 6.57162385 9.09778516 -11.00000000
v 6.41227282 9.44218107 -11.00000000
v 6.25292179 9.78657699 -11.00000000
v 6.09357076 10.13097290 -11.00000000
v 5.93421973 10.47536882 -11.00000000
v 5.77486870 10.81976473 -11.00000000
v 5.61551767 11.16416065 -11.00000000
v 5.45616664 11.50855656 -11.00000000
v 5.29681561 11.85295248 -11.00000000
v 5.13746458 12.19734840 -11.00000000
v 4.97811355 12.54174431 -11.00000000
v 4.81876252 12.88614023 -11.00000000
v 4.65941149 13.23053614 -11.00000000
v 4.50006046 13.57493206 -11.00000000
v 4.34070943 13.91932797 -11.00000000
v 4.18135840 14.26372389 -11.00000000
v 4.02200737 14.60811980 -11.00000000
v 3.86265635 14.95251572 -11.00000000
v 3.70330532 15.29691163 -11.00000000
v 3.54395429 15.64130755 -11.00000000
v 3.38460326 15.98570346 -11.00000000
v 3.22525223 16.33009938 -11.00000000
v 3.06590120 16.67449529 -11.00000000
v 2.90655017 17.01889121 -11.00000000
v 2.74719914 17.36328712 -11.00000000
v 2.58784811 17.70768304 -11.00000000
v 2.42849708 18.05207895 -11.00000000
v 2.26914605 18.39647487 -11.00000000
v 2.10979502 18.74087079 -11.00000000
v 1.95044399 19.08526670 -11.00000000
v 1.79109296 19.42966262 -11.00000000
v 1.63174193 19.77405853 -11.00000000
v 1.47239090 20.11845445 -11.00000000
v 1.31303987 20.46285036 -11.00000000
v 1.15368884 20.80724628 -11.00000000
v 0.99433782 21.15164219 -11.00000000
v 0.83498679 21.49603811 -11.00000000
v 0.67563576 21.84043402 -11.00000000
v 0.85746744 22.07385076 -11.00000000
v 1.16049934 22.27173054 -11.00000000
v 1.47879614 22.46800416 -11.00000000
v 1.80914286 22.66258178 -11.00000000
v 2.14832450 22.85537355 -11.00000000
v 2.49312608 23.04628966 -11.00000000
v 2.84033263 23.23524024 -11.00000000
v 3.18672914 23.42213548 -11.00000000
v 3.52910065 23.60688552 -11.00000000
v 3.86423216 23.78940053 -11.00000000
v 4.18890869 23.96959067 -11.00000000
v 4.50288942 24.14895896 -11.00000000
v 4.82652946 24.33494512 -11.00000000
v 5.15245547 24.52056727 -11.00000000
v 5.48042910 24.70589523 -11.00000000
v 5.81021200 24.89099879 -11.00000000
v 6.14156580 25.07594776 -11.00000000
v 6.47425215 25.26081193 -11.00000000
v 6.80803269 25.44566111 -11.00000000
v 7.14266908 25.63056511 -11.00000000
v 7.47792294 25.81559372 -11.00000000
v 7.81355593 26.00081675 -11.00000000
v 8.14932969 26.18630399 -11.00000000
v 8.48500586 26.37212526 -11.00000000
v 8.82034609 26.55835035 -11.00000000
v 9.15511202 26.74504907 -11.00000000
v 9.48906530 26.93229122 -11.00000000
v 9.82196756 27.12014660 -11.00000000
v 10.15358046 27.30868502 -11.00000000
v 10.48366563 27.49797627 -11.00000000
v 10.81198473 27.68809016 -11.00000000
v 11.13829938 27.87909649 -11.00000000
v 11.46237125 28.07106507 -11.00000000
v 11.78396197 28.26406569 -11.00000000
v 12.10283318 28.45816816 -11.00000000
v -26.43200222 -1.78477180 -11.00000000
v -26.18424784 -1.92447261 -11.00000000
v -25.93653594 -2.06424884 -11.00000000
v -25.68886656 -2.20410043 -11.00000000
v -25.44123969 -2.34402732 -11.00000000
v -25.19365535 -2.48402945 -11.00000000
v -24.94611355 -2.62410676 -11.00000000
v -24.69861431 -2.76425917 -11.00000000
v -24.45115764 -2.90448664 -11.00000000
v -24.20374354 -3.04478909 -11.00000000
v -23.95637204 -3.18516647 -11.00000000
v -23.70904314 -3.32561871 -11.00000000
v -23.46175686 -3.46614575 -11.00000000
v -23.21451321 -3.60674753 -11.00000000
v -22.96731220 -3.74742398 -11.00000000
v -22.72015385 -3.88817505 -11.00000000
v -22.47303816 -4.02900067 -11.00000000
v -22.22596516 -4.16990077 -11.00000000
v -21.97893484 -4.31087531 -11.00000000
v -21.73194723 -4.45192420 -11.00000000
v -21.48500234 -4.59304739 -11.00000000
v -21.23810018 -4.73424483 -11.00000000
v -20.99124076 -4.87551644 -11.00000000
v -20.74442409 -5.01686216 -11.00000000
v -20.49765019 -5.15828193 -11.00000000
v -20.25091907 -5.29977570 -11.00000000
v -20.00423074 -5.44134338 -11.00000000
v -19.75758522 -5.58298494 -11.00000000
v -19.51098251 -5.72470029 -11.00000000
v -19.26442264 -5.86648938 -11.00000000
v -19.01790560 -6.00835215 -11.00000000
v -18.77143142 -6.15028853 -11.00000000
v -18.52500011 -6.29229846 -11.00000000
v -18.27861167 -6.43438189 -11.00000000
v -18.03226613 -6.57653874 -11.00000000
v -17.78596349 -6.71876895 -11.00000000
v -17.53970377 -6.86107247 -11.00000000
v -17.29348698 -7.00344922 -11.00000000
v -17.04731313 -7.14589915 -11.00000000
v -16.80118224 -7.28842220 -11.00000000
v -16.55509431 -7.43101830 -11.00000000
v -16.30904936 -7.57368739 -11.00000000
v -16.06304740 -7.71642940 -11.00000000
v -15.81708845 -7.85924428 -11.00000000
v -15.57117252 -8.00213197 -11.00000000
v -15.32529961 -8.14509239 -11.00000000
v -15.07946974 -8.28812549 -11.00000000
v -14.83368293 -8.43123120 -11.00000000
v -14.79374646 -8.59505796 -11.00000000
v -14.90471589 -8.79298535 -11.00000000
v -15.02029024 -9.01292773 -11.00000000
v -15.13972187 -9.25205548 -11.00000000
v -15.26226314 -9.50753899 -11.00000000
v -15.38716640 -9.77654865 -11.00000000
v -15.51368400 -10.05625485 -11.00000000
v -15.64106830 -10.34382797 -11.00000000
v -15.76857166 -10.63643840 -11.00000000
v -15.89544642 -10.93125653 -11.00000000
v -16.02094495 -11.22545276 -11.00000000
v -16.14431959 -11.51619746 -11.00000000
v -16.26482271 -11.80066102 -11.00000000
v -16.38170664 -12.07601384 -11.00000000
v -16.49422376 -12.33942631 -11.00000000
v -16.60162641 -12.58806880 -11.00000000
v -16.70316695 -12.81911171 -11.00000000
v -16.80261026 -13.03978559 -11.00000000
v -16.92038130 -13.29867938 -11.00000000
v -17.03815235 -13.55757317 -11.00000000
v -17.15592339 -13.81646695 -11.00000000
v -17.27369444 -14.07536074 -11.00000000
v -17.39146548 -14.33425452 -11.00000000
v -17.50923653 -14.59314831 -11.00000000
v -17.62700758 -14.85204209 -11.00000000
v -17.74477862 -15.11093588 -11.00000000
v -17.86254967 -15.36982967 -11.00000000
v -17.98032071 -15.62872345 -11.00000000
v -18.09809176 -15.88761724 -11.00000000
v -18.21586280 -16.14651102 -11.00000000
v -18.33363385 -16.40540481 -11.00000000
v -18.45140490 -16.66429860 -11.00000000
v -18.56917594 -16.92319238 -11.00000000
v -18.68694699 -17.18208617 -11.00000000
v -18.80471803 -17.44097995 -11.00000000
v -18.92248908 -17.69987374 -11.00000000
v -19.04026012 -17.95876752 -11.00000000
v -19.15803117 -18.21766131 -11.00000000
v -19.27580222 -18.47655510 -11.00000000
v -19.39357326 -18.73544888 -11.00000000
v -19.51134431 -18.99434267 -11.00000000
v -19.62911535 -19.25323645 -11.00000000
v -19.74688640 -19.51213024 -11.00000000
v -19.86465744 -19.77102403 -11.00000000
v -19.98242849 -20.02991781 -11.00000000
v -20.10019954 -20.28881160 -11.00000000
v -20.21797058 -20.54770538 -11.00000000
v -20.33574163 -20.80659917 -11.00000000
v -20.45351267 -21.06549295 -11.00000000
v -20.57128372 -21.32438674 -11.00000000
v -20.68905476 -21.58328053 -11.00000000
v -20.80682581 -21.84217431 -11.00000000
v -20.92459686 -22.10106810 -11.00000000
v -21.04236790 -22.35996188 -11.00000000
v -21.16013895 -22.61885567 -11.00000000
v -21.27790999 -22.87774946 -11.00000000
v -21.39568104 -23.13664324 -11.00000000
v -21.51156722 -23.39067393 -11.00000000
v -21.62297121 -23.63583094 -11.00000000
v -21.73634635 -23.88968575 -11.00000000
v -21.85145674 -24.15067884 -11.00000000
v -21.96806646 -24.41725067 -11.00000000
v -22.08593961 -24.68784172 -11.00000000
v -22.20484028 -24.96089246 -11.00000000
v -22.32453257 -25.23484335 -11.00000000
v -22.44478057 -25.50813487 -11.00000000
v -22.56534838 -25.77920750 -11.00000000
v -22.68600008 -26.04650170 -11.00000000
v -22.80649977 -26.30845794 -11.00000000
v -22.92661155 -26.56351669 -11.00000000
v -23.04609950 -26.81011843 -11.00000000
v -23.16472773 -27.04670363 -11.00000000
v -23.29213370 -27.22524173 -11.00000000
v -23.50443901 -27.09008724 -11.00000000
v -23.74698349 -26.94513791 -11.00000000
v -24.00896764 -26.79474561 -11.00000000
v -24.27959195 -26.64326222 -11.00000000
v -24.54805689 -26.49503960 -11.00000000
v -24.80356296 -26.35442964 -11.00000000
v -25.03531065 -26.22578420 -11.00000000
v -25.27280361 -26.09143340 -11.00000000
v -25.52025103 -25.95119864 -11.00000000
v -25.76769844 -25.81096387 -11.00000000
v -26.01514585 -25.67072910 -11.00000000
v -26.26259326 -25.53049434 -11.00000000
v -26.51004068 -25.39025957 -11.00000000
v -26.75748809 -25.25002481 -11.00000000
v -27.00493550 -25.10979004 -11.00000000
v -27.25238291 -24.96955527 -11.00000000
v -27.49983033 -24.82932051 -11.00000000
v -27.74727774 -24.68908574 -11.00000000
v -27.99472515 -24.54885097 -11.00000000
v -28.24217256 -24.40861621 -11.00000000
v -28.48961997 -24.26838144 -11.00000000
v -28.73653006 -24.12720327 -11.00000000
v -28.98337337 -23.98590786 -11.00000000
v -29.23021667 -23.84461245 -11.00000000
v -29.47705998 -23.70331704 -11.00000000
v -29.72390329 -23.56202163 -11.00000000
v -29.97074660 -23.42072623 -11.00000000
v -30.21758991 -23.27943082 -11.00000000
v -30.46443322 -23.13813541 -11.00000000
v -30.71127653 -22.99684000 -11.00000000
v -30.95811983 -22.85554459 -11.00000000
v -31.20496314 -22.71424918 -11.00000000
v -31.45180645 -22.57295377 -11.00000000
v -31.69864976 -22.43165836 -11.00000000
v -31.94549307 -22.29036295 -11.00000000
v -32.19233638 -22.14906754 -11.00000000
v -32.43917969 -22.00777214 -11.00000000
v -32.68602299 -21.86647673 -11.00000000
v -32.90562718 -21.74036852 -11.00000000
v -33.14487435 -21.60163321 -11.00000000
v -33.40043978 -21.45321464 -11.00000000
v -33.66629499 -21.29964452 -11.00000000
v -33.93641149 -21.14545460 -11.00000000
v -34.20476080 -20.99517659 -11.00000000
v -34.46531445 -20.85334222 -11.00000000
v -34.71204394 -20.72448323 -11.00000000
v -34.93892080 -20.61313133 -11.00000000
v -34.93576077 -20.41458416 -11.00000000
v -34.81500745 -20.15852760 -11.00000000
v -34.69540634 -19.90130330 -11.00000000
v -34.57682532 -19.64306800 -11.00000000
v -34.45913225 -19.38397844 -11.00000000
v -34.34219500 -19.12419136 -11.00000000
v -34.22588144 -18.86386349 -11.00000000
v -34.11005943 -18.60315157 -11.00000000
v -33.99459684 -18.34221235 -11.00000000
v -33.87936155 -18.08120255 -11.00000000
v -33.76422141 -17.82027892 -11.00000000
v -33.64904430 -17.55959820 -11.00000000
v -33.53369808 -17.29931713 -11.00000000
v -33.41805063 -17.03959243 -11.00000000
v -33.30196981 -16.78058086 -11.00000000
v -33.18532348 -16.52243915 -11.00000000
v -33.06766888 -16.26376423 -11.00000000
v -32.94989218 -16.00487301 -11.00000000
v -32.83211549 -15.74598179 -11.00000000
v -32.71433880 -15.48709057 -11.00000000
v -32.59656211 -15.22819936 -11.00000000
v -32.47878542 -14.96930814 -11.00000000
v -32.36100872 -14.71041692 -11.00000000
v -32.24323203 -14.45152571 -11.00000000
v -32.12545534 -14.19263449 -11.00000000
v -32.00767865 -13.93374327 -11.00000000
v -31.88990195 -13.67485205 -11.00000000
v -31.77212526 -13.41596084 -11.00000000
v -31.65434857 -13.15706962 -11.00000000
v -31.53657188 -12.89817840 -11.00000000
v -31.41879519 -12.63928718 -11.00000000
v -31.30101849 -12.38039597 -11.00000000
v -31.18324180 -12.12150475 -11.00000000
v -31.06546511 -11.86261353 -11.00000000
v -30.94768842 -11.60372232 -11.00000000
v -30.82991173 -11.34483110 -11.00000000
v -30.71213503 -11.08593988 -11.00000000
v -30.59435834 -10.82704866 -11.00000000
v -30.47658165 -10.56815745 -11.00000000
v -30.35880496 -10.30926623 -11.00000000
v -30.24102826 -10.05037501 -11.00000000
v -30.12325157 -9.79148380 -11.00000000
v -30.00547488 -9.53259258 -11.00000000
v -29.88769819 -9.27370136 -11.00000000
v -29.76992150 -9.01481014 -11.00000000
v -29.65214480 -8.75591893 -11.00000000
v -29.53436811 -8.49702771 -11.00000000
v -29.41659142 -8.23813649 -11.00000000
v -29.29881473 -7.97924528 -11.00000000
v -29.18103804 -7.72035406 -11.00000000
v -29.06326134 -7.46146284 -11.00000000
v -28.94548465 -7.20257162 -11.00000000
v -28.82770796 -6.94368041 -11.00000000
v -28.70993127 -6.68478919 -11.00000000
v -28.59215457 -6.42589797 -11.00000000
v -28.47292004 -6.16514625 -11.00000000
v -28.35410279 -5.90449505 -11.00000000
v -28.23607227 -5.64452496 -11.00000000
v -28.11864022 -5.38517431 -11.00000000
v -28.00161839 -5.12638142 -11.00000000
v -27.88481849 -4.86808463 -11.00000000
v -27.76805227 -4.61022228 -11.00000000
v -27.65113146 -4.35273269 -11.00000000
v -27.53386779 -4.09555420 -11.00000000
v -27.41607299 -3.83862514 -11.00000000
v -27.29755881 -3.58188383 -11.00000000
v -27.17813697 -3.32526862 -11.00000000
v -27.05761921 -3.06871782 -11.00000000
v -26.93581725 -2.81216978 -11.00000000
v -26.81254284 -2.55556283 -11.00000000
v -26.68760771 -2.29883530 -11.00000000
v -26.56082359 -2.04192551 -11.00000000
v 26.41652801 -1.79475517 -11.00000000
v 26.58639862 -1.95407322 -11.00000000
v 26.68505832 -2.17420892 -11.00000000
v 26.78623181 -2.39963409 -11.00000000
v 26.88980983 -2.63011981 -11.00000000
v 26.99568310 -2.86543718 -11.00000000
v 27.10374235 -3.10535730 -11.00000000
v 27.21387834 -3.34965128 -11.00000000
v 27.32598177 -3.59809021 -11.00000000
v 27.43994339 -3.85044519 -11.00000000
v 27.55565393 -4.10648732 -11.00000000
v 27.67300412 -4.36598770 -11.00000000
v 27.79188470 -4.62871743 -11.00000000
v 27.91218639 -4.89444760 -11.00000000
v 28.03379994 -5.16294932 -11.00000000
v 28.15661606 -5.43399368 -11.00000000
v 28.28052551 -5.70735179 -11.00000000
v 28.40541899 -5.98279474 -11.00000000
v 28.53118726 -6.26009364 -11.00000000
v 28.65772104 -6.53901957 -11.00000000
v 28.78491107 -6.81934365 -11.00000000
v 28.91264808 -7.10083696 -11.00000000
v 29.04082279 -7.38327062 -11.00000000
v 29.16932595 -7.66641571 -11.00000000
v 29.29804829 -7.95004333 -11.00000000
v 29.42688053 -8.23392460 -11.00000000
v 29.55571341 -8.51783060 -11.00000000
v 29.68443767 -8.80153243 -11.00000000
v 29.81294404 -9.08480119 -11.00000000
v 29.94112324 -9.36740799 -11.00000000
v 30.06886602 -9.64912392 -11.00000000
v 30.19606310 -9.92972008 -11.00000000
v 30.32260521 -10.20896757 -11.00000000
v 30.44838310 -10.48663749 -11.00000000
v 30.57328749 -10.76250093 -11.00000000
v 30.69720911 -11.03632901 -11.00000000
v 30.82003870 -11.30789280 -11.00000000
v 30.94166699 -11.57696343 -11.00000000
v 31.06198471 -11.84331197 -11.00000000
v 31.18088260 -12.10670954 -11.00000000
v 31.29825138 -12.36692723 -11.00000000
v 31.41398180 -12.62373615 -11.00000000
v 31.52796458 -12.87690738 -11.00000000
v 31.64009045 -13.12621203 -11.00000000
v 31.75025015 -13.37142121 -11.00000000
v 31.85833441 -13.61230599 -11.00000000
v 31.96423397 -13.84863750 -11.00000000
v 32.06783955 -14.08018682 -11.00000000
v 32.16904189 -14.30672506 -11.00000000
v 32.26773173 -14.52802331 -11.00000000
v 32.36379978 -14.74385267 -11.00000000
v 32.45713680 -14.95398425 -11.00000000
v 32.54763350 -15.15818913 -11.00000000
v 32.66033402 -15.41411158 -11.00000000
v 32.77454942 -15.67353864 -11.00000000
v 32.88876483 -15.93296570 -11.00000000
v 33.00298023 -16.19239276 -11.00000000
v 33.11719564 -16.45181982 -11.00000000
v 33.23141104 -16.71124687 -11.00000000
v 33.34562645 -16.97067393 -11.00000000
v 33.45984185 -17.23010099 -11.00000000
v 33.57405726 -17.48952805 -11.00000000
v 33.68827266 -17.74895511 -11.00000000
v 33.80248807 -18.00838217 -11.00000000
v 33.91670347 -18.26780923 -11.00000000
v 34.02696509 -18.51843519 -11.00000000
v 34.13668136 -18.76962446 -11.00000000
v 34.25172992 -19.03231972 -11.00000000
v 34.37141393 -19.30152427 -11.00000000
v 34.49503655 -19.57224140 -11.00000000
v 34.62190094 -19.83947441 -11.00000000
v 34.75131026 -20.09822658 -11.00000000
v 34.88256769 -20.34350121 -11.00000000
v 35.01497636 -20.57030160 -11.00000000
v 34.80113585 -20.69448890 -11.00000000
v 34.55879381 -20.82106508 -11.00000000
v 34.31075956 -20.95455238 -11.00000000
v 34.05855541 -21.09355046 -11.00000000
v 33.80370367 -21.23665895 -11.00000000
v 33.54772663 -21.38247749 -11.00000000
v 33.29214660 -21.52960574 -11.00000000
v 33.03848588 -21.67664333 -11.00000000
v 32.78826678 -21.82218991 -11.00000000
v 32.54301159 -21.96484512 -11.00000000
v 32.30424263 -22.10320860 -11.00000000
v 32.07047301 -22.23748342 -11.00000000
v 31.82415174 -22.37780067 -11.00000000
v 31.57791900 -22.51826060 -11.00000000
v 31.33177478 -22.65886413 -11.00000000
v 31.08571908 -22.79961218 -11.00000000
v 30.83975190 -22.94050565 -11.00000000
v 30.59387324 -23.08154547 -11.00000000
v 30.34808310 -23.22273254 -11.00000000
v 30.10238149 -23.36406778 -11.00000000
v 29.85676839 -23.50555210 -11.00000000
v 29.61124382 -23.64718641 -11.00000000
v 29.36580777 -23.78897163 -11.00000000
v 29.12046023 -23.93090866 -11.00000000
v 28.87520122 -24.07299843 -11.00000000
v 28.63003073 -24.21524185 -11.00000000
v 28.38494876 -24.35763982 -11.00000000
v 28.13995531 -24.50019327 -11.00000000
v 27.89505039 -24.64290310 -11.00000000
v 27.65023398 -24.78577023 -11.00000000
v 27.40550610 -24.92879557 -11.00000000
v 27.18981018 -25.05404896 -11.00000000
v 26.96660954 -25.18083158 -11.00000000
v 26.72752900 -25.31452873 -11.00000000
v 26.47541981 -25.45406595 -11.00000000
v 26.21313322 -25.59836879 -11.00000000
v 25.94352050 -25.74636278 -11.00000000
v 25.66943290 -25.89697347 -11.00000000
v 25.39372168 -26.04912639 -11.00000000
v 25.11923809 -26.20174708 -11.00000000
v 24.84883340 -26.35376109 -11.00000000
v 24.58535884 -26.50409396 -11.00000000
v 24.33166570 -26.65167122 -11.00000000
v 24.09060521 -26.79541842 -11.00000000
v 23.86502864 -26.93426110 -11.00000000
v 23.65778724 -27.06712480 -11.00000000
v 23.47173228 -27.19293506 -11.00000000
v 23.35771013 -26.96525280 -11.00000000
v 23.24632412 -26.71064753 -11.00000000
v 23.13325697 -26.45498508 -11.00000000
v 23.01866338 -26.19837932 -11.00000000
v 22.90269801 -25.94094414 -11.00000000
v 22.78551556 -25.68279342 -11.00000000
v 22.66727070 -25.42404103 -11.00000000
v 22.54811810 -25.16480086 -11.00000000
v 22.42821246 -24.90518677 -11.00000000
v 22.30770845 -24.64531266 -11.00000000
v 22.18676074 -24.38529239 -11.00000000
v 22.06552403 -24.12523985 -11.00000000
v 21.94415298 -23.86526891 -11.00000000
v 21.82280229 -23.60549346 -11.00000000
v 21.70162662 -23.34602737 -11.00000000
v 21.58078067 -23.08698452 -11.00000000
v 21.46041910 -22.82847879 -11.00000000
v 21.34069661 -22.57062406 -11.00000000
v 21.22176786 -22.31353421 -11.00000000
v 21.10378754 -22.05732310 -11.00000000
v 20.98691033 -21.80210464 -11.00000000
v 20.87129092 -21.54799268 -11.00000000
v 20.75527602 -21.29088550 -11.00000000
v 20.63874974 -21.03248753 -11.00000000
v 20.52214708 -20.77412450 -11.00000000
v 20.40546811 -20.51579639 -11.00000000
v 20.28871288 -20.25750318 -11.00000000
v 20.17188142 -19.99924483 -11.00000000
v 20.05497381 -19.74102133 -11.00000000
v 19.93799008 -19.48283264 -11.00000000
v 19.82093029 -19.22467874 -11.00000000
v 19.70379449 -18.96655961 -11.00000000
v 19.58658273 -18.70847522 -11.00000000
v 19.46929506 -18.45042554 -11.00000000
v 19.35193153 -18.19241055 -11.00000000
v 19.23449220 -17.93443023 -11.00000000
v 19.11697712 -17.67648454 -11.00000000
v 18.99938632 -17.41857347 -11.00000000
v 18.88171988 -17.16069698 -11.00000000
v 18.76397784 -16.90285505 -11.00000000
v 18.64616024 -16.64504766 -11.00000000
v 18.52826715 -16.38727478 -11.00000000
v 18.41029861 -16.12953638 -11.00000000
v 18.29225467 -15.87183244 -11.00000000
v 18.17413538 -15.61416294 -11.00000000
v 18.05594080 -15.35652784 -11.00000000
v 17.93767098 -15.09892712 -11.00000000
v 17.81932597 -14.84136076 -11.00000000
v 17.70090581 -14.58382874 -11.00000000
v 17.58241056 -14.32633101 -11.00000000
v 17.46384028 -14.06886757 -11.00000000
v 17.34519501 -13.81143838 -11.00000000
v 17.22647480 -13.55404342 -11.00000000
v 17.10767970 -13.29668266 -11.00000000
v 16.98880977 -13.03935608 -11.00000000
v 16.86986506 -12.78206365 -11.00000000
v 16.75084562 -12.52480535 -11.00000000
v 16.63175149 -12.26758114 -11.00000000
v 16.51258274 -12.01039102 -11.00000000
v 16.39333941 -11.75323494 -11.00000000
v 16.27402155 -11.49611289 -11.00000000
v 16.15462921 -11.23902483 -11.00000000
v 16.03516245 -10.98197075 -11.00000000
v 15.91562131 -10.72495061 -11.00000000
v 15.79600585 -10.46796440 -11.00000000
v 15.67631612 -10.21101208 -11.00000000
v 15.55655217 -9.95409364 -11.00000000
v 15.43671405 -9.69720903 -11.00000000
v 15.31680182 -9.44035825 -11.00000000
v 15.19681551 -9.18354126 -11.00000000
v 15.07675519 -8.92675804 -11.00000000
v 14.95662090 -8.67000857 -11.00000000
v 14.85705026 -8.42077166 -11.00000000
v 15.07238949 -8.27776174 -11.00000000
v 15.31038308 -8.13128895 -11.00000000
v 15.56352602 -7.98330276 -11.00000000
v 15.82431333 -7.83575262 -11.00000000
v 16.08524001 -7.69058798 -11.00000000
v 16.33880107 -7.54975830 -11.00000000
v 16.57749151 -7.41521305 -11.00000000
v 16.81638774 -7.27570370 -11.00000000
v 17.06103657 -7.13253838 -11.00000000
v 17.30597379 -6.98986074 -11.00000000
v 17.55119828 -6.84767305 -11.00000000
v 17.79670891 -6.70597754 -11.00000000
v 18.04250457 -6.56477646 -11.00000000
v 18.28858413 -6.42407206 -11.00000000
v 18.53494646 -6.28386657 -11.00000000
v 18.78159045 -6.14416226 -11.00000000
v 19.02851497 -6.00496136 -11.00000000
v 19.27571891 -5.86626612 -11.00000000
v 19.52320112 -5.72807878 -11.00000000
v 19.77096051 -5.59040160 -11.00000000
v 20.01899593 -5.45323681 -11.00000000
v 20.26654053 -5.31663041 -11.00000000
v 20.51276250 -5.17975812 -11.00000000
v 20.75903018 -5.04215741 -11.00000000
v 21.00533518 -4.90387979 -11.00000000
v 21.25166912 -4.76497677 -11.00000000
v 21.49802362 -4.62549984 -11.00000000
v 21.74439031 -4.48550050 -11.00000000
v 21.99076081 -4.34503027 -11.00000000
v 22.23712673 -4.20414064 -11.00000000
v 22.48347970 -4.06288312 -11.00000000
v 22.72981134 -3.92130920 -11.00000000
v 22.97611327 -3.77947040 -11.00000000
v 23.22237710 -3.63741821 -11.00000000
v 23.46859446 -3.49520413 -11.00000000
v 23.71475698 -3.35287967 -11.00000000
v 23.96085626 -3.21049633 -11.00000000
v 24.20688393 -3.06810562 -11.00000000
v 24.45283162 -2.92575903 -11.00000000
v 24.69869094 -2.78350807 -11.00000000
v 24.94445351 -2.64140424 -11.00000000
v 25.19011096 -2.49949905 -11.00000000
v 25.43565490 -2.35784399 -11.00000000
v 25.68107695 -2.21649057 -11.00000000
v 25.92636874 -2.07549029 -11.00000000
v 26.17152189 -1.93489465 -11.00000000
v 0.00909595 -1.12198756 -11.00000000
v 0.09948838 -1.15606323 -11.00000000
v 0.26610591 -1.24045199 -11.00000000
v 0.48962532 -1.36293747 -11.00000000
v 0.75072337 -1.51130329 -11.00000000
v 1.03007683 -1.67333308 -11.00000000
v 1.30836248 -1.83681047 -11.00000000
v 1.56625707 -1.98951907 -11.00000000
v 1.78443738 -2.11924253 -11.00000000
v 1.94358019 -2.21376445 -11.00000000
v 2.08363610 -2.29542079 -11.00000000
v 2.29003713 -2.41498497 -11.00000000
v 2.49648677 -2.53446540 -11.00000000
v 2.70298497 -2.65386208 -11.00000000
v 2.90953166 -2.77317502 -11.00000000
v 3.11612681 -2.89240421 -11.00000000
v 3.32277036 -3.01154966 -11.00000000
v 3.52946226 -3.13061136 -11.00000000
v 3.73620245 -3.24958931 -11.00000000
v 3.94299089 -3.36848353 -11.00000000
v 4.14982753 -3.48729399 -11.00000000
v 4.35671231 -3.60602071 -11.00000000
v 4.56364518 -3.72466369 -11.00000000
v 4.77062609 -3.84322292 -11.00000000
v 4.97765499 -3.96169840 -11.00000000
v 5.18473183 -4.08009014 -11.00000000
v 5.39185656 -4.19839813 -11.00000000
v 5.59902912 -4.31662238 -11.00000000
v 5.80624946 -4.43476288 -11.00000000
v 6.01351753 -4.55281964 -11.00000000
v 6.22083329 -4.67079265 -11.00000000
v 6.42819668 -4.78868192 -11.00000000
v 6.63560764 -4.90648744 -11.00000000
v 6.84306613 -5.02420922 -11.00000000
v 7.05057210 -5.14184725 -11.00000000
v 7.25812549 -5.25940153 -11.00000000
v 7.46572626 -5.37687207 -11.00000000
v 7.67337434 -5.49425887 -11.00000000
v 7.88106970 -5.61156192 -11.00000000
v 8.08881227 -5.72878122 -11.00000000
v 8.29660201 -5.84591678 -11.00000000
v 8.50443887 -5.96296860 -11.00000000
v 8.71232279 -6.07993666 -11.00000000
v 8.92025372 -6.19682099 -11.00000000
v 9.12823162 -6.31362156 -11.00000000
v 9.33625643 -6.43033840 -11.00000000
v 9.51846035 -6.53301517 -11.00000000
v 9.70562210 -6.64061742 -11.00000000
v 9.90714052 -6.75794708 -11.00000000
v 10.12025969 -6.88281459 -11.00000000
v 10.34222363 -7.01303038 -11.00000000
v 10.57027642 -7.14640489 -11.00000000
v 10.80166210 -7.28074857 -11.00000000
v 11.03362473 -7.41387184 -11.00000000
v 11.26340836 -7.54358515 -11.00000000
v 11.48825704 -7.66769894 -11.00000000
v 11.70541482 -7.78402364 -11.00000000
v 11.91212577 -7.89036970 -11.00000000
v 12.10563393 -7.98454755 -11.00000000
v 12.28318336 -8.06436762 -11.00000000
v 12.26785164 -8.15265047 -11.00000000
v 12.06120975 -8.26393190 -11.00000000
v 11.85441811 -8.37630777 -11.00000000
v 11.64749071 -8.48971936 -11.00000000
v 11.44044153 -8.60410790 -11.00000000
v 11.23328458 -8.71941466 -11.00000000
v 11.02603384 -8.83558090 -11.00000000
v 10.81870331 -8.95254785 -11.00000000
v 10.61130696 -9.07025678 -11.00000000
v 10.40385881 -9.18864895 -11.00000000
v 10.19637283 -9.30766560 -11.00000000
v 9.98886303 -9.42724799 -11.00000000
v 9.78134338 -9.54733737 -11.00000000
v 9.57382789 -9.66787501 -11.00000000
v 9.36633054 -9.78880214 -11.00000000
v 9.15886532 -9.91006003 -11.00000000
v 8.95144623 -10.03158994 -11.00000000
v 8.74408726 -10.15333310 -11.00000000
v 8.53680240 -10.27523079 -11.00000000
v 8.32960564 -10.39722425 -11.00000000
v 8.12251097 -10.51925474 -11.00000000
v 7.91553238 -10.64126350 -11.00000000
v 7.70868387 -10.76319181 -11.00000000
v 7.50197942 -10.88498090 -11.00000000
v 7.29543303 -11.00657203 -11.00000000
v 7.08905869 -11.12790647 -11.00000000
v 6.88287039 -11.24892545 -11.00000000
v 6.67688213 -11.36957024 -11.00000000
v 6.47110788 -11.48978209 -11.00000000
v 6.26556165 -11.60950225 -11.00000000
v 6.06025743 -11.72867199 -11.00000000
v 5.85520920 -11.84723254 -11.00000000
v 5.65043096 -11.96512517 -11.00000000
v 5.44656273 -12.08192438 -11.00000000
v 5.24571441 -12.19612882 -11.00000000
v 5.04272281 -12.31065761 -11.00000000
v 4.83778312 -12.42550100 -11.00000000
v 4.63109055 -12.54064928 -11.00000000
v 4.42284028 -12.65609272 -11.00000000
v 4.21322752 -12.77182158 -11.00000000
v 4.00244746 -12.88782615 -11.00000000
v 3.79069529 -13.00409669 -11.00000000
v 3.57816621 -13.12062347 -11.00000000
v 3.36505543 -13.23739677 -11.00000000
v 3.15155812 -13.35440685 -11.00000000
v 2.93786950 -13.47164400 -11.00000000
v 2.72418475 -13.58909847 -11.00000000
v 2.51069907 -13.70676055 -11.00000000
v 2.29760766 -13.82462050 -11.00000000
v 2.08510572 -13.94266860 -11.00000000
v 1.87338843 -14.06089512 -11.00000000
v 1.66265100 -14.17929032 -11.00000000
v 1.45308862 -14.29784449 -11.00000000
v 1.24489649 -14.41654789 -11.00000000
v 1.03826980 -14.53539080 -11.00000000
v 0.83340375 -14.65436348 -11.00000000
v 0.63049354 -14.77345621 -11.00000000
v 0.42973436 -14.89265926 -11.00000000
v 0.23132140 -15.01196291 -11.00000000
v 0.03544987 -15.13135742 -11.00000000
v -0.15939996 -15.20457182 -11.00000000
v -0.36161085 -15.10499585 -11.00000000
v -0.56705601 -14.99967462 -11.00000000
v -0.77517407 -14.88937262 -11.00000000
v -0.98540366 -14.77485439 -11.00000000
v -1.19718343 -14.65688444 -11.00000000
v -1.40995201 -14.53622728 -11.00000000
v -1.62314803 -14.41364744 -11.00000000
v -1.83621012 -14.28990943 -11.00000000
v -2.04857692 -14.16577778 -11.00000000
v -2.25968706 -14.04201700 -11.00000000
v -2.46897917 -13.91939160 -11.00000000
v -2.67589190 -13.79866612 -11.00000000
v -2.87986387 -13.68060505 -11.00000000
v -3.08033373 -13.56597293 -11.00000000
v -3.28233047 -13.45267024 -11.00000000
v -3.49075471 -13.33668819 -11.00000000
v -3.69913765 -13.22062664 -11.00000000
v -3.90747923 -13.10448599 -11.00000000
v -4.11577942 -12.98826667 -11.00000000
v -4.32403817 -12.87196909 -11.00000000
v -4.53225544 -12.75559367 -11.00000000
v -4.74043120 -12.63914082 -11.00000000
v -4.94856539 -12.52261097 -11.00000000
v -5.15665798 -12.40600452 -11.00000000
v -5.36470892 -12.28932190 -11.00000000
v -5.57271818 -12.17256352 -11.00000000
v -5.78068571 -12.05572980 -11.00000000
v -5.98861148 -11.93882116 -11.00000000
v -6.19649542 -11.82183800 -11.00000000
v -6.40433752 -11.70478076 -11.00000000
v -6.61213772 -11.58764985 -11.00000000
v -6.81989599 -11.47044568 -11.00000000
v -7.02761228 -11.35316867 -11.00000000
v -7.23528654 -11.23581923 -11.00000000
v -7.44291875 -11.11839779 -11.00000000
v -7.65050885 -11.00090476 -11.00000000
v -7.85805681 -10.88334056 -11.00000000
v -8.06556258 -10.76570560 -11.00000000
v -8.27302612 -10.64800030 -11.00000000
v -8.48044740 -10.53022508 -11.00000000
v -8.68782636 -10.41238036 -11.00000000
v -8.89516297 -10.29446654 -11.00000000
v -9.10245718 -10.17648406 -11.00000000
v -9.29116463 -10.06868325 -11.00000000
v -9.47731839 -9.96095371 -11.00000000
v -9.67462308 -9.84580162 -11.00000000
v -9.88133335 -9.72465238 -11.00000000
v -10.09570385 -9.59893140 -11.00000000
v -10.31598922 -9.47006407 -11.00000000
v -10.54044410 -9.33947582 -11.00000000
v -10.76732315 -9.20859204 -11.00000000
v -10.99488100 -9.07883815 -11.00000000
v -11.22137232 -8.95163953 -11.00000000
v -11.44505174 -8.82842161 -11.00000000
v -11.66417391 -8.71060979 -11.00000000
v -11.87699348 -8.59962946 -11.00000000
v -12.08176509 -8.49690605 -11.00000000
v -12.27674339 -8.40386495 -11.00000000
v -12.46018303 -8.32193156 -11.00000000
v -12.42006220 -8.22136945 -11.00000000
v -12.21902130 -8.10041475 -11.00000000
v -12.01746522 -7.97960600 -11.00000000
v -11.81540990 -7.85894026 -11.00000000
v -11.61287125 -7.73841461 -11.00000000
v -11.40986523 -7.61802610 -11.00000000
v -11.20640775 -7.49777181 -11.00000000
v -11.00251474 -7.37764879 -11.00000000
v -10.79820215 -7.25765411 -11.00000000
v -10.59348589 -7.13778485 -11.00000000
v -10.38838191 -7.01803805 -11.00000000
v -10.18290612 -6.89841079 -11.00000000
v -9.97707447 -6.77890013 -11.00000000
v -9.77090288 -6.65950314 -11.00000000
v -9.56440728 -6.54021688 -11.00000000
v -9.35760361 -6.42103842 -11.00000000
v -9.15050780 -6.30196482 -11.00000000
v -8.94313578 -6.18299315 -11.00000000
v -8.73550347 -6.06412047 -11.00000000
v -8.52762682 -5.94534385 -11.00000000
v -8.31952174 -5.82666035 -11.00000000
v -8.11120418 -5.70806704 -11.00000000
v -7.90269006 -5.58956098 -11.00000000
v -7.69399531 -5.47113924 -11.00000000
v -7.48513587 -5.35279888 -11.00000000
v -7.27612767 -5.23453696 -11.00000000
v -7.06698663 -5.11635057 -11.00000000
v -6.85772870 -4.99823674 -11.00000000
v -6.64836979 -4.88019257 -11.00000000
v -6.43892584 -4.76221510 -11.00000000
v -6.22941279 -4.64430140 -11.00000000
v -6.01984656 -4.52644854 -11.00000000
v -5.81024308 -4.40865358 -11.00000000
v -5.60061829 -4.29091360 -11.00000000
v -5.39098811 -4.17322564 -11.00000000
v -5.18136848 -4.05558678 -11.00000000
v -4.97177533 -3.93799409 -11.00000000
v -4.76222459 -3.82044462 -11.00000000
v -4.55273219 -3.70293545 -11.00000000
v -4.34331406 -3.58546364 -11.00000000
v -4.13398613 -3.46802625 -11.00000000
v -3.92476434 -3.35062035 -11.00000000
v -3.71566461 -3.23324300 -11.00000000
v -3.50670288 -3.11589127 -11.00000000
v -3.29789508 -2.99856223 -11.00000000
v -3.08925713 -2.88125293 -11.00000000
v -2.88080497 -2.76396045 -11.00000000
v -2.67255453 -2.64668184 -11.00000000
v -2.46452175 -2.52941418 -11.00000000
v -2.25672255 -2.41215453 -11.00000000
v -2.04917286 -2.29489995 -11.00000000
v -1.84188861 -2.17764751 -11.00000000
v -1.63488574 -2.06039428 -11.00000000
v -1.42818018 -1.94313731 -11.00000000
v -1.22178786 -1.82587368 -11.00000000
v -1.01572470 -1.70860045 -11.00000000
v -0.81000665 -1.59131468 -11.00000000
v -0.60464962 -1.47401344 -11.00000000
v -0.39966956 -1.35669380 -11.00000000
v -0.19508239 -1.23935282 -11.00000000
v 0.02351636 36.13780168 -11.00000000
v 0.20261267 36.02987018 -11.00000000
v 0.38494588 35.92156612 -11.00000000
v 0.57013527 35.81296751 -11.00000000
v 0.75780015 35.70415231 -11.00000000
v 0.94755982 35.59519853 -11.00000000
v 1.13903357 35.48618414 -11.00000000
v 1.33184071 35.37718713 -11.00000000
v 1.52560052 35.26828548 -11.00000000
v 1.71993232 35.15955719 -11.00000000
v 1.91445539 35.05108024 -11.00000000
v 2.10878903 34.94293261 -11.00000000
v 2.30255255 34.83519230 -11.00000000
v 2.49536523 34.72793727 -11.00000000
v 2.68684638 34.62124554 -11.00000000
v 2.87661530 34.51519507 -11.00000000
v 3.06429128 34.40986385 -11.00000000
v 3.24949363 34.30532987 -11.00000000
v 3.43702182 34.19856052 -11.00000000
v 3.62650398 34.09053836 -11.00000000
v 3.81601836 33.98257294 -11.00000000
v 4.00556497 33.87466427 -11.00000000
v 4.19514381 33.76681233 -11.00000000
v 4.38475490 33.65901714 -11.00000000
v 4.57439826 33.55127870 -11.00000000
v 4.76407389 33.44359699 -11.00000000
v 4.95378181 33.33597203 -11.00000000
v 5.14352203 33.22840381 -11.00000000
v 5.33329456 33.12089233 -11.00000000
v 5.52309942 33.01343760 -11.00000000
v 5.71293662 32.90603961 -11.00000000
v 5.90280617 32.79869836 -11.00000000
v 6.09270809 32.69141385 -11.00000000
v 6.28264239 32.58418609 -11.00000000
v 6.47260908 32.47701507 -11.00000000
v 6.66260817 32.36990079 -11.00000000
v 6.85263967 32.26284325 -11.00000000
v 7.04270361 32.15584246 -11.00000000
v 7.23279998 32.04889841 -11.00000000
v 7.42292881 31.94201110 -11.00000000
v 7.61309011 31.83518054 -11.00000000
v 7.80328389 31.72840671 -11.00000000
v 7.99351016 31.62168963 -11.00000000
v 8.18376894 31.51502930 -11.00000000
v 8.37406023 31.40842570 -11.00000000
v 8.56438405 31.30187885 -11.00000000
v 8.75474042 31.19538874 -11.00000000
v 8.94512935 31.08895538 -11.00000000
v 9.13555084 30.98257875 -11.00000000
v 9.32600492 30.87625887 -11.00000000
v 9.51649159 30.76999573 -11.00000000
v 9.70701087 30.66378934 -11.00000000
v 9.89756276 30.55763968 -11.00000000
v 10.08814729 30.45154677 -11.00000000
v 10.27876447 30.34551061 -11.00000000
v 10.46941431 30.23953118 -11.00000000
v 10.66009681 30.13360850 -11.00000000
v 10.85081200 30.02774256 -11.00000000
v 11.04155989 29.92193336 -11.00000000
v 11.23234049 29.81618091 -11.00000000
v 11.42315381 29.71048520 -11.00000000
v 11.29028248 29.62561669 -11.00000000
v 11.11853365 29.53844069 -11.00000000
v 10.94135875 29.44693845 -11.00000000
v 10.75924468 29.35145548 -11.00000000
v 10.57267838 29.25233728 -11.00000000
v 10.38214674 29.14992936 -11.00000000
v 10.18813669 29.04457723 -11.00000000
v 9.99113515 28.93662639 -11.00000000
v 9.79162901 28.82642236 -11.00000000
v 9.59010521 28.71431064 -11.00000000
v 9.38705066 28.60063673 -11.00000000
v 9.18295227 28.48574616 -11.00000000
v 8.97829695 28.36998441 -11.00000000
v 8.77357162 28.25369701 -11.00000000
v 8.56926320 28.13722945 -11.00000000
v 8.36585860 28.02092725 -11.00000000
v 8.16384473 27.90513591 -11.00000000
v 7.96370852 27.79020095 -11.00000000
v 7.76593687 27.67646786 -11.00000000
v 7.57101669 27.56428216 -11.00000000
v 7.37943492 27.45398935 -11.00000000
v 7.19167845 27.34593494 -11.00000000
v 7.00823421 27.24046444 -11.00000000
v 6.82958911 27.13792336 -11.00000000
v 6.65623006 27.03865719 -11.00000000
v 6.48864398 26.94301146 -11.00000000
v 6.31474198 26.84478622 -11.00000000
v 6.12441955 26.73823900 -11.00000000
v 5.93409713 26.63169178 -11.00000000
v 5.74377471 26.52514456 -11.00000000
v 5.55345229 26.41859734 -11.00000000
v 5.36312987 26.31205012 -11.00000000
v 5.17280745 26.20550291 -11.00000000
v 4.98248502 26.09895569 -11.00000000
v 4.79216260 25.99240847 -11.00000000
v 4.60184018 25.88586125 -11.00000000
v 4.41151776 25.77931403 -11.00000000
v 4.22119534 25.67276681 -11.00000000
v 4.03087292 25.56621959 -11.00000000
v 3.84055049 25.45967237 -11.00000000
v 3.65022807 25.35312515 -11.00000000
v 3.45990565 25.24657793 -11.00000000
v 3.26958323 25.14003072 -11.00000000
v 3.07926081 25.03348350 -11.00000000
v 2.88893839 24.92693628 -11.00000000
v 2.69861596 24.82038906 -11.00000000
v 2.50829354 24.71384184 -11.00000000
v 2.31797112 24.60729462 -11.00000000
v 2.12764870 24.50074740 -11.00000000
v 1.93732628 24.39420018 -11.00000000
v 1.74700386 24.28765296 -11.00000000
v 1.55668143 24.18110574 -11.00000000
v 1.36635901 24.07455852 -11.00000000
v 1.17603659 23.96801131 -11.00000000
v 0.98571417 23.86146409 -11.00000000
v 0.79539175 23.75491687 -11.00000000
v 0.60506933 23.64836965 -11.00000000
v 0.41474691 23.54182243 -11.00000000
v 0.22442448 23.43527521 -11.00000000
v 0.04614625 23.33579227 -11.00000000
v 0.02979858 23.34149558 -11.00000000
v -0.00267323 23.35647583 -11.00000000
v -0.05074049 23.38043074 -11.00000000
v -0.11387452 23.41305802 -11.00000000
v -0.19154667 23.45405536 -11.00000000
v -0.28322824 23.50312048 -11.00000000
v -0.38839056 23.55995109 -11.00000000
v -0.50650497 23.62424489 -11.00000000
v -0.63704279 23.69569960 -11.00000000
v -0.77947533 23.77401291 -11.00000000
v -0.93327394 23.85888253 -11.00000000
v -1.09790992 23.95000618 -11.00000000
v -1.27285462 24.04708157 -11.00000000
v -1.45757934 24.14980639 -11.00000000
v -1.65155543 24.25787836 -11.00000000
v -1.85425420 24.37099518 -11.00000000
v -2.06514697 24.48885457 -11.00000000
v -2.28370509 24.61115422 -11.00000000
v -2.50939986 24.73759186 -11.00000000
v -2.74170262 24.86786517 -11.00000000
v -2.98008469 25.00167189 -11.00000000
v -3.22401739 25.13870970 -11.00000000
v -3.47297206 25.27867632 -11.00000000
v -3.72642002 25.42126945 -11.00000000
v -3.98383258 25.56618681 -11.00000000
v -4.24468109 25.71312610 -11.00000000
v -4.50843686 25.86178503 -11.00000000
v -4.77457121 26.01186131 -11.00000000
v -5.04255548 26.16305264 -11.00000000
v -5.31186099 26.31505673 -11.00000000
v -5.58195907 26.46757130 -11.00000000
v -5.85232103 26.62029404 -11.00000000
v -6.12241821 26.77292266 -11.00000000
v -6.39172194 26.92515488 -11.00000000
v -6.65970352 27.07668839 -11.00000000
v -6.92583430 27.22722092 -11.00000000
v -7.18958560 27.37645016 -11.00000000
v -7.45042874 27.52407382 -11.00000000
v -7.70783505 27.66978962 -11.00000000
v -7.96127585 27.81329525 -11.00000000
v -8.21022247 27.95428843 -11.00000000
v -8.45414623 28.09246686 -11.00000000
v -8.69251846 28.22752826 -11.00000000
v -8.92481049 28.35917032 -11.00000000
v -9.15049364 28.48709077 -11.00000000
v -9.36903923 28.61098729 -11.00000000
v -9.57991860 28.73055761 -11.00000000
v -9.78260306 28.84549943 -11.00000000
v -9.97656394 28.95551045 -11.00000000
v -10.16127257 29.06028839 -11.00000000
v -10.33620027 29.15953096 -11.00000000
v -10.50081837 29.25293585 -11.00000000
v -10.65459820 29.34020078 -11.00000000
v -10.79701107 29.42102346 -11.00000000
v -10.92752832 29.49510159 -11.00000000
v -11.04562126 29.56213288 -11.00000000
v -11.15076123 29.62181504 -11.00000000
v -11.24241956 29.67384578 -11.00000000
v -11.32006755 29.71792280 -11.00000000
v -11.38317655 29.75374382 -11.00000000
v -11.20399111 29.85265821 -11.00000000
v -11.01238360 29.95544481 -11.00000000
v -10.82082196 30.05850826 -11.00000000
v -10.62930481 30.16183718 -11.00000000
v -10.43783078 30.26542016 -11.00000000
v -10.24639852 30.36924581 -11.00000000
v -10.05500665 30.47330274 -11.00000000
v -9.86365382 30.57757954 -11.00000000
v -9.67233865 30.68206483 -11.00000000
v -9.48105979 30.78674721 -11.00000000
v -9.28981586 30.89161529 -11.00000000
v -9.09860550 30.99665766 -11.00000000
v -8.90742735 31.10186294 -11.00000000
v -8.71628004 31.20721973 -11.00000000
v -8.52516220 31.31271663 -11.00000000
v -8.33407247 31.41834225 -11.00000000
v -8.14300949 31.52408519 -11.00000000
v -7.95197189 31.62993406 -11.00000000
v -7.76095830 31.73587746 -11.00000000
v -7.56996736 31.84190400 -11.00000000
v -7.37899770 31.94800228 -11.00000000
v -7.18804796 32.05416091 -11.00000000
v -6.99711677 32.16036849 -11.00000000
v -6.80620277 32.26661362 -11.00000000
v -6.61530459 32.37288492 -11.00000000
v -6.42442087 32.47917098 -11.00000000
v -6.23355025 32.58546041 -11.00000000
v -6.04269134 32.69174181 -11.00000000
v -5.85184280 32.79800380 -11.00000000
v -5.66100326 32.90423497 -11.00000000
v -5.47017134 33.01042393 -11.00000000
v -5.27934569 33.11655928 -11.00000000
v -5.08852494 33.22262963 -11.00000000
v -4.89770773 33.32862359 -11.00000000
v -4.70689268 33.43452975 -11.00000000
v -4.51607844 33.54033673 -11.00000000
v -4.32526364 33.64603313 -11.00000000
v -4.13444691 33.75160754 -11.00000000
v -3.94362689 33.85704859 -11.00000000
v -3.75280221 33.96234487 -11.00000000
v -3.56197151 34.06748498 -11.00000000
v -3.37113343 34.17245753 -11.00000000
v -3.18028659 34.27725114 -11.00000000
v -2.98942963 34.38185439 -11.00000000
v -2.79856119 34.48625590 -11.00000000
v -2.61461179 34.58663115 -11.00000000
v -2.42991605 34.68718966 -11.00000000
v -2.24094589 34.79014189 -11.00000000
v -2.04862600 34.89528322 -11.00000000
v -1.85388106 35.00240904 -11.00000000
v -1.65763575 35.11131477 -11.00000000
v -1.46081476 35.22179578 -11.00000000
v -1.26434275 35.33364748 -11.00000000
v -1.06914441 35.44666526 -11.00000000
v -0.87614443 35.56064451 -11.00000000
v -0.68626748 35.67538063 -11.00000000
v -0.50043824 35.79066901 -11.00000000
v -0.31958141 35.90630505 -11.00000000
v -0.14462164 36.02208414 -11.00000000
v 13.48197449 -9.11755051 -11.00000000
v 13.63113750 -9.23023822 -11.00000000
v 13.73628390 -9.42565187 -11.00000000
v 13.84993427 -9.66202143 -11.00000000
v 13.96507697 -9.91677157 -11.00000000
v 14.07470039 -10.16732700 -11.00000000
v 14.17179288 -10.39111238 -11.00000000
v 14.25808649 -10.58618708 -11.00000000
v 14.35686121 -10.80738093 -11.00000000
v 14.45617957 -11.02830779 -11.00000000
v 14.55603909 -11.24897262 -11.00000000
v 14.65643730 -11.46938037 -11.00000000
v 14.75737171 -11.68953602 -11.00000000
v 14.85883985 -11.90944450 -11.00000000
v 14.96083924 -12.12911079 -11.00000000
v 15.06336740 -12.34853983 -11.00000000
v 15.16642185 -12.56773659 -11.00000000
v 15.27000012 -12.78670602 -11.00000000
v 15.37393536 -13.00540200 -11.00000000
v 15.47743739 -13.22398589 -11.00000000
v 15.58066985 -13.44273441 -11.00000000
v 15.68364265 -13.66164154 -11.00000000
v 15.78636569 -13.88070130 -11.00000000
v 15.88884890 -14.09990767 -11.00000000
v 15.99110218 -14.31925466 -11.00000000
v 16.09313544 -14.53873627 -11.00000000
v 16.19495859 -14.75834649 -11.00000000
v 16.29658155 -14.97807932 -11.00000000
v 16.39801422 -15.19792877 -11.00000000
v 16.49926651 -15.41788883 -11.00000000
v 16.60034834 -15.63795351 -11.00000000
v 16.70126962 -15.85811679 -11.00000000
v 16.80204026 -16.07837269 -11.00000000
v 16.90267016 -16.29871519 -11.00000000
v 17.00316924 -16.51913830 -11.00000000
v 17.10354742 -16.73963602 -11.00000000
v 17.20381459 -16.96020235 -11.00000000
v 17.30398068 -17.18083128 -11.00000000
v 17.40405559 -17.40151682 -11.00000000
v 17.50404923 -17.62225296 -11.00000000
v 17.60397152 -17.84303371 -11.00000000
v 17.70383236 -18.06385306 -11.00000000
v 17.80364167 -18.28470500 -11.00000000
v 17.90340935 -18.50558355 -11.00000000
v 18.00314532 -18.72648270 -11.00000000
v 18.10285949 -18.94739645 -11.00000000
v 18.20256177 -19.16831880 -11.00000000
v 18.30226207 -19.38924375 -11.00000000
v 18.40197030 -19.61016529 -11.00000000
v 18.50169638 -19.83107742 -11.00000000
v 18.60145020 -20.05197415 -11.00000000
v 18.70124169 -20.27284948 -11.00000000
v 18.80108075 -20.49369740 -11.00000000
v 18.90097730 -20.71451191 -11.00000000
v 19.00094124 -20.93528701 -11.00000000
v 19.10098249 -21.15601670 -11.00000000
v 19.20111096 -21.37669498 -11.00000000
v 19.30133656 -21.59731585 -11.00000000
v 19.40166919 -21.81787331 -11.00000000
v 19.50211878 -22.03836135 -11.00000000
v 19.60269522 -22.25877398 -11.00000000
v 19.70340844 -22.47910520 -11.00000000
v 19.80426834 -22.69934900 -11.00000000
v 19.90528483 -22.91949938 -11.00000000
v 20.00646783 -23.13955035 -11.00000000
v 20.10782724 -23.35949590 -11.00000000
v 20.20937298 -23.57933003 -11.00000000
v 20.31111496 -23.79904674 -11.00000000
v 20.41306308 -24.01864003 -11.00000000
v 20.51522726 -24.23810390 -11.00000000
v 20.61761741 -24.45743234 -11.00000000
v 20.72024344 -24.67661936 -11.00000000
v 20.82301857 -24.89545815 -11.00000000
v 20.92513937 -25.11259446 -11.00000000
v 21.02780095 -25.33110265 -11.00000000
v 21.13068901 -25.55077449 -11.00000000
v 21.23348922 -25.77140171 -11.00000000
v 21.33588729 -25.99277606 -11.00000000
v 21.43756889 -26.21468928 -11.00000000
v 21.53821972 -26.43693312 -11.00000000
v 21.63752547 -26.65929932 -11.00000000
v 21.73517181 -26.88157963 -11.00000000
v 21.83084445 -27.10356579 -11.00000000
v 21.92422908 -27.32504955 -11.00000000
v 21.99051461 -27.51864578 -11.00000000
v 21.77747567 -27.40339889 -11.00000000
v 21.56443673 -27.28815200 -11.00000000
v 21.35139779 -27.17290511 -11.00000000
v 21.13835885 -27.05765822 -11.00000000
v 20.92531991 -26.94241133 -11.00000000
v 20.71228098 -26.82716444 -11.00000000
v 20.49924204 -26.71191755 -11.00000000
v 20.28620310 -26.59667067 -11.00000000
v 20.07316416 -26.48142378 -11.00000000
v 19.86012522 -26.36617689 -11.00000000
v 19.64708628 -26.25093000 -11.00000000
v 19.43404734 -26.13568311 -11.00000000
v 19.22100840 -26.02043622 -11.00000000
v 19.00796946 -25.90518933 -11.00000000
v 18.79493052 -25.78994244 -11.00000000
v 18.58189158 -25.67469555 -11.00000000
v 18.36885264 -25.55944866 -11.00000000
v 18.15581370 -25.44420177 -11.00000000
v 17.94277476 -25.32895488 -11.00000000
v 17.72973582 -25.21370799 -11.00000000
v 17.51669688 -25.09846110 -11.00000000
v 17.30365794 -24.98321421 -11.00000000
v 17.09061900 -24.86796732 -11.00000000
v 16.87758006 -24.75272043 -11.00000000
v 16.66454112 -24.63747354 -11.00000000
v 16.45150218 -24.52222665 -11.00000000
v 16.23846324 -24.40697976 -11.00000000
v 16.02542430 -24.29173287 -11.00000000
v 15.81238536 -24.17648598 -11.00000000
v 15.59934642 -24.06123909 -11.00000000
v 15.38630748 -23.94599220 -11.00000000
v 15.17326854 -23.83074531 -11.00000000
v 14.96022960 -23.71549842 -11.00000000
v 14.74719066 -23.60025153 -11.00000000
v 14.53415172 -23.48500464 -11.00000000
v 14.32111278 -23.36975775 -11.00000000
v 14.10816932 -23.25433708 -11.00000000
v 13.89664942 -23.13632535 -11.00000000
v 13.68512952 -23.01831363 -11.00000000
v 13.47360962 -22.90030190 -11.00000000
v 13.26208972 -22.78229017 -11.00000000
v 13.05056982 -22.66427845 -11.00000000
v 12.83904992 -22.54626672 -11.00000000
v 12.62753002 -22.42825499 -11.00000000
v 12.41601012 -22.31024327 -11.00000000
v 12.20449022 -22.19223154 -11.00000000
v 11.99297032 -22.07421981 -11.00000000
v 11.78145043 -21.95620809 -11.00000000
v 11.56993053 -21.83819636 -11.00000000
v 11.35841063 -21.72018463 -11.00000000
v 11.14689073 -21.60217291 -11.00000000
v 10.93537083 -21.48416118 -11.00000000
v 10.72385093 -21.36614945 -11.00000000
v 10.51233103 -21.24813773 -11.00000000
v 10.30081113 -21.13012600 -11.00000000
v 10.08929123 -21.01211427 -11.00000000
v 9.87777133 -20.89410255 -11.00000000
v 9.66625143 -20.77609082 -11.00000000
v 9.45473153 -20.65807909 -11.00000000
v 9.24321163 -20.54006737 -11.00000000
v 9.03169173 -20.42205564 -11.00000000
v 8.82017183 -20.30404391 -11.00000000
v 8.60865193 -20.18603219 -11.00000000
v 8.39713204 -20.06802046 -11.00000000
v 8.18561214 -19.95000873 -11.00000000
v 7.97409224 -19.83199701 -11.00000000
v 7.76257234 -19.71398528 -11.00000000
v 7.55105244 -19.59597355 -11.00000000
v 7.33953254 -19.47796183 -11.00000000
v 7.12801264 -19.35995010 -11.00000000
v 6.91649274 -19.24193837 -11.00000000
v 6.70497284 -19.12392665 -11.00000000
v 6.50622317 -19.01376034 -11.00000000
v 6.32308724 -18.91411203 -11.00000000
v 6.13134189 -18.81039139 -11.00000000
v 5.93180076 -18.70292532 -11.00000000
v 5.72527752 -18.59204072 -11.00000000
v 5.51258580 -18.47806449 -11.00000000
v 5.29453925 -18.36132353 -11.00000000
v 5.07195153 -18.24214473 -11.00000000
v 4.84563629 -18.12085501 -11.00000000
v 4.61640716 -17.99778126 -11.00000000
v 4.38507780 -17.87325038 -11.00000000
v 4.15246186 -17.74758927 -11.00000000
v 3.91937299 -17.62112483 -11.00000000
v 3.68662483 -17.49418396 -11.00000000
v 3.45503104 -17.36709357 -11.00000000
v 3.22540526 -17.24018055 -11.00000000
v 2.99856113 -17.11377180 -11.00000000
v 2.77531232 -16.98819423 -11.00000000
v 2.55647247 -16.86377473 -11.00000000
v 2.34285522 -16.74084020 -11.00000000
v 2.13527423 -16.61971755 -11.00000000
v 1.93454315 -16.50073368 -11.00000000
v 1.74147561 -16.38421548 -11.00000000
v 1.55688528 -16.27048985 -11.00000000
v 1.38158580 -16.15988370 -11.00000000
v 1.26217451 -16.05102408 -11.00000000
v 1.45728099 -15.93145224 -11.00000000
v 1.66076160 -15.81045169 -11.00000000
v 1.87084451 -15.68848823 -11.00000000
v 2.08575788 -15.56602765 -11.00000000
v 2.30372990 -15.44353577 -11.00000000
v 2.52298873 -15.32147838 -11.00000000
v 2.74176254 -15.20032128 -11.00000000
v 2.95827950 -15.08053026 -11.00000000
v 3.17076778 -14.96257114 -11.00000000
v 3.37745556 -14.84690970 -11.00000000
v 3.57978975 -14.73230775 -11.00000000
v 3.79042016 -14.61271565 -11.00000000
v 4.00105056 -14.49312355 -11.00000000
v 4.21168096 -14.37353146 -11.00000000
v 4.42231136 -14.25393936 -11.00000000
v 4.63294176 -14.13434726 -11.00000000
v 4.84357216 -14.01475517 -11.00000000
v 5.05420256 -13.89516307 -11.00000000
v 5.26483297 -13.77557098 -11.00000000
v 5.47546337 -13.65597888 -11.00000000
v 5.68609377 -13.53638678 -11.00000000
v 5.89672417 -13.41679469 -11.00000000
v 6.10735457 -13.29720259 -11.00000000
v 6.31798497 -13.17761050 -11.00000000
v 6.52861537 -13.05801840 -11.00000000
v 6.73924578 -12.93842630 -11.00000000
v 6.94987618 -12.81883421 -11.00000000
v 7.16050658 -12.69924211 -11.00000000
v 7.37113698 -12.57965001 -11.00000000
v 7.58176738 -12.46005792 -11.00000000
v 7.79239778 -12.34046582 -11.00000000
v 8.00302818 -12.22087373 -11.00000000
v 8.21365859 -12.10128163 -11.00000000
v 8.41285986 -11.98868061 -11.00000000
v 8.61353981 -11.87442245 -11.00000000
v 8.81761721 -11.75737778 -11.00000000
v 9.02475366 -11.63786288 -11.00000000
v 9.23461076 -11.51619401 -11.00000000
v 9.44685014 -11.39268745 -11.00000000
v 9.66113341 -11.26765948 -11.00000000
v 9.87712217 -11.14142638 -11.00000000
v 10.09447804 -11.01430443 -11.00000000
v 10.31286264 -10.88660989 -11.00000000
v 10.53193757 -10.75865906 -11.00000000
v 10.75136445 -10.63076819 -11.00000000
v 10.97080488 -10.50325358 -11.00000000
v 11.18992049 -10.37643150 -11.00000000
v 11.40837288 -10.25061822 -11.00000000
v 11.62582366 -10.12613002 -11.00000000
v 11.84193445 -10.00328318 -11.00000000
v 12.05636686 -9.88239397 -11.00000000
v 12.26878250 -9.76377867 -11.00000000
v 12.47884299 -9.64775356 -11.00000000
v 12.68620993 -9.53463491 -11.00000000
v 12.89054493 -9.42473901 -11.00000000
v 13.09150962 -9.31838212 -11.00000000
v 13.28876560 -9.21588053 -11.00000000
v 1.01417449 56.03887986 11.00000000
v 2.40542289 55.22622092 11.00000000
v 3.69606349 54.44789112 11.00000000
v 4.84221581 53.77979001 11.00000000
v 6.07475271 53.06494582 11.00000000
v 7.30728961 52.35010163 11.00000000
v 8.53982651 51.63525744 11.00000000
v 9.77236341 50.92041325 11.00000000
v 11.00490031 50.20556906 11.00000000
v 12.23743721 49.49072487 11.00000000
v 13.46997411 48.77588068 11.00000000
v 14.70251101 48.06103649 11.00000000
v 15.93769141 47.35077142 11.00000000
v 17.17309269 46.64088897 11.00000000
v 18.40849398 45.93100653 11.00000000
v 19.64389527 45.22112409 11.00000000
v 20.87929656 44.51124165 11.00000000
v 22.11469785 43.80135921 11.00000000
v 23.35009914 43.09147676 11.00000000
v 24.58550042 42.38159432 11.00000000
v 25.82090171 41.67171188 11.00000000
v 27.05630300 40.96182944 11.00000000
v 28.29170429 40.25194700 11.00000000
v 29.52710558 39.54206455 11.00000000
v 30.76250687 38.83218211 11.00000000
v 31.99790816 38.12229967 11.00000000
v 33.23330944 37.41241723 11.00000000
v 34.46871073 36.70253478 11.00000000
v 35.70411202 35.99265234 11.00000000
v 36.93951331 35.28276990 11.00000000
v 38.17491460 34.57288746 11.00000000
v 39.41031589 33.86300502 11.00000000
v 40.64571717 33.15312257 11.00000000
v 41.88179133 32.44441278 11.00000000
v 43.11806518 31.73605102 11.00000000
v 44.35433903 31.02768925 11.00000000
v 45.59061288 30.31932749 11.00000000
v 46.75560956 29.65392964 11.00000000
v 48.07544453 28.91795228 11.00000000
v 49.44715930 28.08392594 11.00000000
v 50.00000000 27.11358461 11.00000000
v 50.00000000 25.68875149 11.00000000
v 50.00000000 24.26391837 11.00000000
v 50.00000000 22.83908524 11.00000000
v 50.00000000 21.41425212 11.00000000
v 50.00000000 19.98941900 11.00000000
v 50.00000000 18.56458588 11.00000000
v 50.00000000 17.13975276 11.00000000
v 50.00000000 15.71491963 11.00000000
v 50.00000000 14.29008651 11.00000000
v 50.00000000 12.86525339 11.00000000
v 50.00000000 11.44042027 11.00000000
v 50.00000000 10.01558715 11.00000000
v 50.00000000 8.59075403 11.00000000
v 50.00000000 7.16592090 11.00000000
v 50.00000000 5.74108778 11.00000000
v 50.00000000 4.31625466 11.00000000
v 50.00000000 2.89142154 11.00000000
v 50.00000000 1.46658842 11.00000000
v 50.00000000 0.04175529 11.00000000
v 50.00000000 -1.38307783 11.00000000
v 50.00000000 -2.80791095 11.00000000
v 50.00000000 -4.23274407 11.00000000
v 50.00000000 -5.65757719 11.00000000
v 50.00000000 -7.08241032 11.00000000
v 50.00000000 -8.50724344 11.00000000
v 50.00000000 -9.93207656 11.00000000
v 50.00000000 -11.35690968 11.00000000
v 50.00000000 -12.78174280 11.00000000
v 50.00000000 -14.20657592 11.00000000
v 50.00000000 -15.63140905 11.00000000
v 50.00000000 -17.05624217 11.00000000
v 50.00000000 -18.48107529 11.00000000
v 50.00000000 -19.90590841 11.00000000
v 50.00000000 -21.33074153 11.00000000
v 50.00000000 -22.75557466 11.00000000
v 50.00000000 -24.18040778 11.00000000
v 50.00000000 -25.60524090 11.00000000
v 50.00000000 -27.03007402 11.00000000
v 49.69737194 -27.99216925 11.00000000
v 48.47012683 -28.75814864 11.00000000
v 46.88809515 -29.66819615 11.00000000
v 45.51171478 -30.44027534 11.00000000
v 44.50284974 -31.02144951 11.00000000
v 43.27253575 -31.74010726 11.00000000
v 42.04130521 -32.45720341 11.00000000
v 40.80916010 -33.17273399 11.00000000
v 39.57610239 -33.88669503 11.00000000
v 38.34213409 -34.59908257 11.00000000
v 37.10725716 -35.30989264 11.00000000
v 35.87147360 -36.01912127 11.00000000
v 34.63478538 -36.72676448 11.00000000
v 33.39719449 -37.43281832 11.00000000
v 32.15870293 -38.13727881 11.00000000
v 30.91931266 -38.84014198 11.00000000
v 29.68228437 -39.54714460 11.00000000
v 28.44769507 -40.25843828 11.00000000
v 27.21310578 -40.96973195 11.00000000
v 25.97851648 -41.68102562 11.00000000
v 24.74392718 -42.39231929 11.00000000
v 23.50933788 -43.10361297 11.00000000
v 22.27474858 -43.81490664 11.00000000
v 21.04015928 -44.52620031 11.00000000
v 19.80556998 -45.23749399 11.00000000
v 18.57098068 -45.94878766 11.00000000
v 17.33639139 -46.66008133 11.00000000
v 16.10180209 -47.37137500 11.00000000
v 14.86721279 -48.08266868 11.00000000
v 13.63262349 -48.79396235 11.00000000
v 12.39803419 -49.50525602 11.00000000
v 11.16344489 -50.21654970 11.00000000
v 9.92907758 -50.92822779 11.00000000
v 8.69589096 -51.64195055 11.00000000
v 7.46270433 -52.35567331 11.00000000
v 6.22951771 -53.06939607 11.00000000
v 4.99633109 -53.78311883 11.00000000
v 3.76474455 -54.50765499 11.00000000
v 2.53923425 -55.22430593 11.00000000
v 1.30419265 -55.92491578 11.00000000
v 0.04374717 -56.60184217 11.00000000
v -1.23364127 -55.93386707 11.00000000
v -2.44695358 -55.22506057 11.00000000
v -3.67775628 -54.50723459 11.00000000
v -4.90855897 -53.78940860 11.00000000
v -6.14307039 -53.07798181 11.00000000
v -7.37777906 -52.36689536 11.00000000
v -8.61248772 -51.65580892 11.00000000
v -9.84719639 -50.94472247 11.00000000
v -11.08190506 -50.23363603 11.00000000
v -12.31661373 -49.52254959 11.00000000
v -13.55132239 -48.81146314 11.00000000
v -14.78603106 -48.10037670 11.00000000
v -16.02092637 -47.38961488 11.00000000
v -17.25667067 -46.68032971 11.00000000
v -18.49241497 -45.97104454 11.00000000
v -19.72815927 -45.26175937 11.00000000
v -20.96390357 -44.55247420 11.00000000
v -22.19964787 -43.84318903 11.00000000
v -23.43539217 -43.13390387 11.00000000
v -24.67113647 -42.42461870 11.00000000
v -25.90688077 -41.71533353 11.00000000
v -27.14262507 -41.00604836 11.00000000
v -28.37836937 -40.29676319 11.00000000
v -29.61411367 -39.58747803 11.00000000
v -30.84985797 -38.87819286 11.00000000
v -32.08560227 -38.16890769 11.00000000
v -33.32134657 -37.45962252 11.00000000
v -34.55709087 -36.75033735 11.00000000
v -35.79283517 -36.04105218 11.00000000
v -37.02857947 -35.33176702 11.00000000
v -38.26432377 -34.62248185 11.00000000
v -39.50016667 -33.91336851 11.00000000
v -40.73608525 -33.20438707 11.00000000
v -41.97200384 -32.49540564 11.00000000
v -43.20792243 -31.78642421 11.00000000
v -44.44384102 -31.07744278 11.00000000
v -45.67975960 -30.36846134 11.00000000
v -46.86197620 -29.69480595 11.00000000
v -48.17983753 -28.95531753 11.00000000
v -49.46513997 -28.20586434 11.00000000
v -50.00000000 -27.16082262 11.00000000
v -50.00000000 -25.73598950 11.00000000
v -50.00000000 -24.31115637 11.00000000
v -50.00000000 -22.88632325 11.00000000
v -50.00000000 -21.46149013 11.00000000
v -50.00000000 -20.03665701 11.00000000
v -50.00000000 -18.61182389 11.00000000
v -50.00000000 -17.18699076 11.00000000
v -50.00000000 -15.76215764 11.00000000
v -50.00000000 -14.33732452 11.00000000
v -50.00000000 -12.91249140 11.00000000
v -50.00000000 -11.48765828 11.00000000
v -50.00000000 -10.06282516 11.00000000
v -50.00000000 -8.63799203 11.00000000
v -50.00000000 -7.21315891 11.00000000
v -50.00000000 -5.78832579 11.00000000
v -50.00000000 -4.36349267 11.00000000
v -50.00000000 -2.93865955 11.00000000
v -50.00000000 -1.51382642 11.00000000
v -50.00000000 -0.08899330 11.00000000
v -50.00000000 1.33583982 11.00000000
v -50.00000000 2.76067294 11.00000000
v -50.00000000 4.18550606 11.00000000
v -50.00000000 5.61033919 11.00000000
v -50.00000000 7.03517231 11.00000000
v -50.00000000 8.46000543 11.00000000
v -50.00000000 9.88483855 11.00000000
v -50.00000000 11.30967167 11.00000000
v -50.00000000 12.73450479 11.00000000
v -50.00000000 14.15933792 11.00000000
v -50.00000000 15.58417104 11.00000000
v -50.00000000 17.00900416 11.00000000
v -50.00000000 18.43383728 11.00000000
v -50.00000000 19.85867040 11.00000000
v -50.00000000 21.28350353 11.00000000
v -50.00000000 22.70833665 11.00000000
v -50.00000000 24.13316977 11.00000000
v -50.00000000 25.55800289 11.00000000
v -50.00000000 26.98283601 11.00000000
v -49.45575603 28.06835550 11.00000000
v -48.21019866 28.78580586 11.00000000
v -46.97172230 29.49030975 11.00000000
v -45.73680188 30.20101357 11.00000000
v -44.50334874 30.91427563 11.00000000
v -43.26989559 31.62753769 11.00000000
v -42.03644245 32.34079975 11.00000000
v -40.80298930 33.05406180 11.00000000
v -39.56953615 33.76732386 11.00000000
v -38.33608301 34.48058592 11.00000000
v -37.10206924 35.19287758 11.00000000
v -35.86804369 35.90514886 11.00000000
v -34.63401815 36.61742014 11.00000000
v -33.39999260 37.32969142 11.00000000
v -32.16596705 38.04196270 11.00000000
v -30.93194151 38.75423398 11.00000000
v -29.69791596 39.46650526 11.00000000
v -28.46389042 40.17877654 11.00000000
v -27.22986487 40.89104782 11.00000000
v -25.99583932 41.60331910 11.00000000
v -24.76181378 42.31559038 11.00000000
v -23.52778823 43.02786166 11.00000000
v -22.29376268 43.74013294 11.00000000
v -21.05973714 44.45240422 11.00000000
v -19.82571159 45.16467550 11.00000000
v -18.59168605 45.87694678 11.00000000
v -17.35766050 46.58921806 11.00000000
v -16.12363495 47.30148934 11.00000000
v -14.88960941 48.01376062 11.00000000
v -13.65558386 48.72603190 11.00000000
v -12.42155831 49.43830318 11.00000000
v -11.18769355 50.15085277 11.00000000
v -9.95424104 50.86411592 11.00000000
v -8.72078853 51.57737907 11.00000000
v -7.48733601 52.29064222 11.00000000
v -6.25388350 53.00390538 11.00000000
v -5.02043099 53.71716853 11.00000000
v -3.78697848 54.43043168 11.00000000
v -2.58618202 55.12711818 11.00000000
v -1.28320487 55.92263550 11.00000000
v -0.10576816 56.60184217 11.00000000
v -12.49728231 28.68283774 11.00000000
v -12.15808671 28.50923841 11.00000000
v -11.82043542 28.33342475 11.00000000
v -11.48420160 28.15555313 11.00000000
v -11.14925844 27.97577992 11.00000000
v -10.81547909 27.79426149 11.00000000
v -10.48273673 27.61115424 11.00000000
v -10.15090451 27.42661452 11.00000000
v -9.81985562 27.24079872 11.00000000
v -9.48946321 27.05386322 11.00000000
v -9.15960046 26.86596439 11.00000000
v -8.83014054 26.67725860 11.00000000
v -8.50095660 26.48790224 11.00000000
v -8.17192183 26.29805168 11.00000000
v -7.84290939 26.10786329 11.00000000
v -7.51379244 25.91749345 11.00000000
v -7.18444416 25.72709854 11.00000000
v -6.85473771 25.53683493 11.00000000
v -6.52461318 25.34725275 11.00000000
v -6.19435539 25.15908192 11.00000000
v -5.86392135 24.97122126 11.00000000
v -5.53331129 24.78367088 11.00000000
v -5.20252545 24.59643089 11.00000000
v -4.87156408 24.40950142 11.00000000
v -4.54042740 24.22288259 11.00000000
v -4.20911565 24.03657451 11.00000000
v -3.87762906 23.85057730 11.00000000
v -3.54596788 23.66489108 11.00000000
v -3.21413234 23.47951597 11.00000000
v -2.88212268 23.29445208 11.00000000
v -2.54993913 23.10969953 11.00000000
v -2.21758192 22.92525845 11.00000000
v -1.88505131 22.74112894 11.00000000
v -1.55234751 22.55731114 11.00000000
v -1.21947077 22.37380515 11.00000000
v -0.88642132 22.19061109 11.00000000
v -0.79467231 21.93934282 11.00000000
v -0.96044041 21.60178751 11.00000000
v -1.11380707 21.25377911 11.00000000
v -1.25903749 20.89928715 11.00000000
v -1.40039689 20.54228110 11.00000000
v -1.54215049 20.18673050 11.00000000
v -1.68856351 19.83660483 11.00000000
v -1.84420854 19.49152522 11.00000000
v -2.00221664 19.14581913 11.00000000
v -2.16022475 18.80011305 11.00000000
v -2.31823285 18.45440696 11.00000000
v -2.47624095 18.10870088 11.00000000
v -2.63424906 17.76299479 11.00000000
v -2.79225716 17.41728870 11.00000000
v -2.95026526 17.07158262 11.00000000
v -3.10827337 16.72587653 11.00000000
v -3.26628147 16.38017045 11.00000000
v -3.42428958 16.03446436 11.00000000
v -3.58229768 15.68875828 11.00000000
v -3.74030578 15.34305219 11.00000000
v -3.89831389 14.99734611 11.00000000
v -4.05632199 14.65164002 11.00000000
v -4.21398628 14.30577716 11.00000000
v -4.37137851 13.95979025 11.00000000
v -4.52877073 13.61380333 11.00000000
v -4.68616296 13.26781642 11.00000000
v -4.84355518 12.92182950 11.00000000
v -5.00094741 12.57584258 11.00000000
v -5.15833963 12.22985567 11.00000000
v -5.31573186 11.88386875 11.00000000
v -5.47312408 11.53788184 11.00000000
v -5.63051631 11.19189492 11.00000000
v -5.78790853 10.84590801 11.00000000
v -5.94530076 10.49992109 11.00000000
v -6.10269298 10.15393417 11.00000000
v -6.26008521 9.80794726 11.00000000
v -6.41747744 9.46196034 11.00000000
v -6.57486966 9.11597343 11.00000000
v -6.73226189 8.76998651 11.00000000
v -6.88965411 8.42399960 11.00000000
v -7.04704634 8.07801268 11.00000000
v -7.20443856 7.73202576 11.00000000
v -7.36183079 7.38603885 11.00000000
v -7.51922301 7.04005193 11.00000000
v -7.67661524 6.69406502 11.00000000
v -7.83400746 6.34807810 11.00000000
v -7.99139969 6.00209119 11.00000000
v -8.14879191 5.65610427 11.00000000
v -8.30618414 5.31011735 11.00000000
v -8.46357636 4.96413044 11.00000000
v -8.62096859 4.61814352 11.00000000
v -8.77836081 4.27215661 11.00000000
v -8.93575304 3.92616969 11.00000000
v -9.09314526 3.58018278 11.00000000
v -9.25053749 3.23419586 11.00000000
v -9.40792971 2.88820894 11.00000000
v -9.56532194 2.54222203 11.00000000
v -9.72271416 2.19623511 11.00000000
v -9.88010639 1.85024820 11.00000000
v -10.03749861 1.50426128 11.00000000
v -10.19489084 1.15827437 11.00000000
v -10.35228306 0.81228745 11.00000000
v -10.50967529 0.46630053 11.00000000
v -10.66706751 0.12031362 11.00000000
v -10.82445974 -0.22567330 11.00000000
v -10.98120462 -0.57183035 11.00000000
v -11.13680335 -0.91851652 11.00000000
v -11.29178453 -1.26560087 11.00000000
v -11.44636023 -1.61295951 11.00000000
v -11.60074248 -1.96046855 11.00000000
v -11.75514334 -2.30800411 11.00000000
v -11.90977486 -2.65544230 11.00000000
v -12.06484910 -3.00265922 11.00000000
v -12.22057810 -3.34953099 11.00000000
v -12.37717392 -3.69593373 11.00000000
v -12.53484860 -4.04174353 11.00000000
v -12.69381420 -4.38683652 11.00000000
v -12.85428278 -4.73108880 11.00000000
v -13.01503234 -5.07206745 11.00000000
v -13.17485946 -5.41423093 11.00000000
v -13.33739770 -5.76204108 11.00000000
v -13.50352060 -6.11082188 11.00000000
v -13.67410169 -6.45589731 11.00000000
v -13.85001453 -6.79259135 11.00000000
v -14.03213265 -7.11622798 11.00000000
v -14.35786977 -6.96540918 11.00000000
v -14.69045007 -6.78881269 11.00000000
v -15.02341265 -6.60789575 11.00000000
v -15.35656178 -6.42333955 11.00000000
v -15.68970170 -6.23582531 11.00000000
v -16.02263670 -6.04603423 11.00000000
v -16.35517103 -5.85464753 11.00000000
v -16.68710895 -5.66234640 11.00000000
v -17.01825473 -5.46981207 11.00000000
v -17.34841262 -5.27772573 11.00000000
v -17.67738690 -5.08676860 11.00000000
v -18.00498181 -4.89762188 11.00000000
v -18.33100163 -4.71096678 11.00000000
v -18.66078589 -4.52445022 11.00000000
v -18.99175214 -4.33752617 11.00000000
v -19.32271839 -4.15060212 11.00000000
v -19.65368463 -3.96367807 11.00000000
v -19.98465088 -3.77675402 11.00000000
v -20.31561713 -3.58982998 11.00000000
v -20.64658338 -3.40290593 11.00000000
v -20.97754963 -3.21598188 11.00000000
v -21.30851588 -3.02905783 11.00000000
v -21.63948213 -2.84213378 11.00000000
v -21.97044838 -2.65520973 11.00000000
v -22.30141463 -2.46828568 11.00000000
v -22.63238088 -2.28136163 11.00000000
v -22.96334713 -2.09443758 11.00000000
v -23.29431338 -1.90751353 11.00000000
v -23.62527963 -1.72058948 11.00000000
v -23.95624588 -1.53366543 11.00000000
v -24.28721212 -1.34674138 11.00000000
v -24.61817837 -1.15981733 11.00000000
v -24.94914462 -0.97289328 11.00000000
v -25.28011087 -0.78596924 11.00000000
v -25.61107712 -0.59904519 11.00000000
v -25.76842043 -0.36244221 11.00000000
v -25.60734231 -0.03201268 11.00000000
v -25.44647812 0.30211967 11.00000000
v -25.28584105 0.63962998 11.00000000
v -25.12544428 0.98019339 11.00000000
v -24.96530098 1.32348503 11.00000000
v -24.80542433 1.66918001 11.00000000
v -24.64582753 2.01695349 11.00000000
v -24.48652374 2.36648058 11.00000000
v -24.32752616 2.71743641 11.00000000
v -24.16884795 3.06949613 11.00000000
v -24.01050230 3.42233485 11.00000000
v -23.85250240 3.77562771 11.00000000
v -23.69486142 4.12904984 11.00000000
v -23.53759254 4.48227637 11.00000000
v -23.38070894 4.83498244 11.00000000
v -23.22422381 5.18684316 11.00000000
v -23.06815032 5.53753368 11.00000000
v -22.91250167 5.88672912 11.00000000
v -22.75729101 6.23410462 11.00000000
v -22.60253155 6.57933530 11.00000000
v -22.44823646 6.92209629 11.00000000
v -22.29441891 7.26206273 11.00000000
v -22.14109209 7.59890975 11.00000000
v -21.98365169 7.94316256 11.00000000
v -21.82554553 8.28882382 11.00000000
v -21.66743937 8.63448507 11.00000000
v -21.50933322 8.98014632 11.00000000
v -21.35122706 9.32580758 11.00000000
v -21.19312090 9.67146883 11.00000000
v -21.03501475 10.01713008 11.00000000
v -20.87690859 10.36279133 11.00000000
v -20.71880244 10.70845259 11.00000000
v -20.56069628 11.05411384 11.00000000
v -20.40259012 11.39977509 11.00000000
v -20.24448397 11.74543635 11.00000000
v -20.08637781 12.09109760 11.00000000
v -19.92827165 12.43675885 11.00000000
v -19.77016550 12.78242010 11.00000000
v -19.61205934 13.12808136 11.00000000
v -19.45395318 13.47374261 11.00000000
v -19.29584703 13.81940386 11.00000000
v -19.13774087 14.16506512 11.00000000
v -18.97963472 14.51072637 11.00000000
v -18.82152856 14.85638762 11.00000000
v -18.66342240 15.20204887 11.00000000
v -18.50531625 15.54771013 11.00000000
v -18.34721009 15.89337138 11.00000000
v -18.18910393 16.23903263 11.00000000
v -18.03099778 16.58469389 11.00000000
v -17.87289162 16.93035514 11.00000000
v -17.71478547 17.27601639 11.00000000
v -17.55667931 17.62167764 11.00000000
v -17.39857315 17.96733890 11.00000000
v -17.24046700 18.31300015 11.00000000
v -17.08236084 18.65866140 11.00000000
v -16.92425468 19.00432266 11.00000000
v -16.76614853 19.34998391 11.00000000
v -16.60804237 19.69564516 11.00000000
v -16.44993622 20.04130641 11.00000000
v -16.29183006 20.38696767 11.00000000
v -16.13372390 20.73262892 11.00000000
v -15.97561775 21.07829017 11.00000000
v -15.81751159 21.42395143 11.00000000
v -15.65940543 21.76961268 11.00000000
v -15.50129928 22.11527393 11.00000000
v -15.34319312 22.46093518 11.00000000
v -15.18508696 22.80659644 11.00000000
v -15.02698081 23.15225769 11.00000000
v -14.86887465 23.49791894 11.00000000
v -14.71076850 23.84358020 11.00000000
v -14.55266234 24.18924145 11.00000000
v -14.39455618 24.53490270 11.00000000
v -14.23645003 24.88056395 11.00000000
v -14.07834387 25.22622521 11.00000000
v -13.92023771 25.57188646 11.00000000
v -13.76213156 25.91754771 11.00000000
v -13.60402540 26.26320897 11.00000000
v -13.44591925 26.60887022 11.00000000
v -13.28781309 26.95453147 11.00000000
v -13.12970693 27.30019272 11.00000000
v -12.97160078 27.64585398 11.00000000
v -12.81349462 27.99151523 11.00000000
v -12.65538846 28.33717648 11.00000000
v 12.41874653 28.65344228 11.00000000
v 12.63041985 28.38003750 11.00000000
v 12.79814199 28.00501028 11.00000000
v 12.97322521 27.67319924 11.00000000
v 13.14397842 27.33458226 11.00000000
v 13.30924072 26.99308334 11.00000000
v 13.47018134 26.64934332 11.00000000
v 13.62796950 26.30400300 11.00000000
v 13.78377443 25.95770323 11.00000000
v 13.93876536 25.61108482 11.00000000
v 14.09411150 25.26478860 11.00000000
v 14.25098208 24.91945539 11.00000000
v 14.41171936 24.57578322 11.00000000
v 14.57237416 24.23201459 11.00000000
v 14.73252799 23.88800451 11.00000000
v 14.89217840 23.54375384 11.00000000
v 15.05132292 23.19926344 11.00000000
v 15.20995912 22.85453417 11.00000000
v 15.36808453 22.50956688 11.00000000
v 15.52569669 22.16436245 11.00000000
v 15.68279315 21.81892172 11.00000000
v 15.83937146 21.47324555 11.00000000
v 15.99542916 21.12733481 11.00000000
v 16.15096380 20.78119036 11.00000000
v 16.30597291 20.43481304 11.00000000
v 16.46045406 20.08820373 11.00000000
v 16.61848839 19.74320377 11.00000000
v 16.77683310 19.39834401 11.00000000
v 16.93517780 19.05348426 11.00000000
v 17.09352251 18.70862450 11.00000000
v 17.25186721 18.36376475 11.00000000
v 17.41021192 18.01890499 11.00000000
v 17.56855663 17.67404524 11.00000000
v 17.72690133 17.32918548 11.00000000
v 17.88524604 16.98432573 11.00000000
v 18.04359074 16.63946597 11.00000000
v 18.20193545 16.29460621 11.00000000
v 18.36028016 15.94974646 11.00000000
v 18.51862486 15.60488670 11.00000000
v 18.67696957 15.26002695 11.00000000
v 18.83531428 14.91516719 11.00000000
v 18.99365898 14.57030744 11.00000000
v 19.15200369 14.22544768 11.00000000
v 19.31034839 13.88058792 11.00000000
v 19.46869310 13.53572817 11.00000000
v 19.62703781 13.19086841 11.00000000
v 19.78538251 12.84600866 11.00000000
v 19.94372722 12.50114890 11.00000000
v 20.10207193 12.15628915 11.00000000
v 20.26041663 11.81142939 11.00000000
v 20.41876134 11.46656963 11.00000000
v 20.57710604 11.12170988 11.00000000
v 20.73545075 10.77685012 11.00000000
v 20.88971313 10.43639155 11.00000000
v 21.04279875 10.09613467 11.00000000
v 21.19620360 9.75441147 11.00000000
v 21.34992769 9.41133827 11.00000000
v 21.50397101 9.06703139 11.00000000
v 21.65833356 8.72160714 11.00000000
v 21.81301535 8.37518183 11.00000000
v 21.96801637 8.02787180 11.00000000
v 22.12333663 7.67979334 11.00000000
v 22.27897612 7.33106279 11.00000000
v 22.43493485 6.98179645 11.00000000
v 22.59121281 6.63211064 11.00000000
v 22.74781000 6.28212169 11.00000000
v 22.90472643 5.93194589 11.00000000
v 23.06196209 5.58169959 11.00000000
v 23.21951698 5.23149908 11.00000000
v 23.37739112 4.88146068 11.00000000
v 23.53558448 4.53170072 11.00000000
v 23.69409708 4.18233551 11.00000000
v 23.85292891 3.83348136 11.00000000
v 24.01207998 3.48525460 11.00000000
v 24.17155028 3.13777154 11.00000000
v 24.33133981 2.79114849 11.00000000
v 24.49144858 2.44550177 11.00000000
v 24.65187659 2.10094771 11.00000000
v 24.81262382 1.75760261 11.00000000
v 24.97369030 1.41558279 11.00000000
v 25.13507600 1.07500457 11.00000000
v 25.29678094 0.73598427 11.00000000
v 25.45880512 0.39863820 11.00000000
v 25.62114853 0.06308268 11.00000000
v 25.78381117 -0.27056598 11.00000000
v 25.64885071 -0.51836687 11.00000000
v 25.32465315 -0.71206156 11.00000000
v 24.99948034 -0.90495916 11.00000000
v 24.67340698 -1.09711500 11.00000000
v 24.34650778 -1.28858440 11.00000000
v 24.01885745 -1.47942271 11.00000000
v 23.69053067 -1.66968524 11.00000000
v 23.36160216 -1.85942733 11.00000000
v 23.03214662 -2.04870430 11.00000000
v 22.70223875 -2.23757148 11.00000000
v 22.37195325 -2.42608421 11.00000000
v 22.04136483 -2.61429779 11.00000000
v 21.71054818 -2.80226758 11.00000000
v 21.37957802 -2.99004889 11.00000000
v 21.04852904 -3.17769705 11.00000000
v 20.71747594 -3.36526739 11.00000000
v 20.38649343 -3.55281524 11.00000000
v 20.05565622 -3.74039593 11.00000000
v 19.72503899 -3.92806479 11.00000000
v 19.39471646 -4.11587714 11.00000000
v 19.06476333 -4.30388831 11.00000000
v 18.73525430 -4.49215363 11.00000000
v 18.40626407 -4.68072843 11.00000000
v 18.07786735 -4.86966804 11.00000000
v 17.75013884 -5.05902778 11.00000000
v 17.42315323 -5.24886299 11.00000000
v 17.09698972 -5.43848008 11.00000000
v 16.76816357 -5.62573522 11.00000000
v 16.43633241 -5.81128348 11.00000000
v 16.10262244 -5.99580877 11.00000000
v 15.76815987 -6.17999501 11.00000000
v 15.43407090 -6.36452610 11.00000000
v 15.10148170 -6.55008596 11.00000000
v 14.77151850 -6.73735848 11.00000000
v 14.44530748 -6.92702759 11.00000000
v 14.15089478 -7.06745835 11.00000000
v 14.00744632 -6.83900530 11.00000000
v 13.83951605 -6.53786341 11.00000000
v 13.65429081 -6.18229287 11.00000000
v 13.45895742 -5.79055387 11.00000000
v 13.26070275 -5.38090659 11.00000000
v 13.06671362 -4.97161123 11.00000000
v 12.88417688 -4.58092796 11.00000000
v 12.72027936 -4.22711697 11.00000000
v 12.58220791 -3.92843845 11.00000000
v 12.45306425 -3.65151047 11.00000000
v 12.29231412 -3.30775138 11.00000000
v 12.13179575 -2.96388878 11.00000000
v 11.97150958 -2.61992211 11.00000000
v 11.81145604 -2.27585080 11.00000000
v 11.65163556 -1.93167428 11.00000000
v 11.49204859 -1.58739200 11.00000000
v 11.33269554 -1.24300339 11.00000000
v 11.17357687 -0.89850788 11.00000000
v 11.01469300 -0.55390491 11.00000000
v 10.85604437 -0.20919392 11.00000000
v 10.69763140 0.13562567 11.00000000
v 10.53945454 0.48055441 11.00000000
v 10.38151423 0.82559287 11.00000000
v 10.22381088 1.17074162 11.00000000
v 10.06634495 1.51600121 11.00000000
v 9.90911685 1.86137222 11.00000000
v 9.75212703 2.20685520 11.00000000
v 9.59537593 2.55245073 11.00000000
v 9.43886397 2.89815936 11.00000000
v 9.28059135 3.24305460 11.00000000
v 9.12124032 3.58745051 11.00000000
v 8.96188929 3.93184643 11.00000000
v 8.80253826 4.27624234 11.00000000
v 8.64318723 4.62063826 11.00000000
v 8.48383620 4.96503417 11.00000000
v 8.32448517 5.30943009 11.00000000
v 8.16513414 5.65382600 11.00000000
v 8.00578311 5.99822192 11.00000000
v 7.84643208 6.34261784 11.00000000
v 7.68708105 6.68701375 11.00000000
v 7.52773002 7.03140967 11.00000000
v 7.36837899 7.37580558 11.00000000
v 7.20902796 7.72020150 11.00000000
v 7.04967693 8.06459741 11.00000000
v 6.89032590 8.40899333 11.00000000
v 6.73097487 8.75338924 11.00000000
v 6.57162385 9.09778516 11.00000000
v 6.41227282 9.44218107 11.00000000
v 6.25292179 9.78657699 11.00000000
v 6.09357076 10.13097290 11.00000000
v 5.93421973 10.47536882 11.00000000
v 5.77486870 10.81976473 11.00000000
v 5.61551767 11.16416065 11.00000000
v 5.45616664 11.50855656 11.00000000
v 5.29681561 11.85295248 11.00000000
v 5.13746458 12.19734840 11.00000000
v 4.97811355 12.54174431 11.00000000
v 4.81876252 12.88614023 11.00000000
v 4.65941149 13.23053614 11.00000000
v 4.50006046 13.57493206 11.00000000
v 4.34070943 13.91932797 11.00000000
v 4.18135840 14.26372389 11.00000000
v 4.02200737 14.60811980 11.00000000
v 3.86265635 14.95251572 11.00000000
v 3.70330532 15.29691163 11.00000000
v 3.54395429 15.64130755 11.00000000
v 3.38460326 15.98570346 11.00000000
v 3.22525223 16.33009938 11.00000000
v 3.06590120 16.67449529 11.00000000
v 2.90655017 17.01889121 11.00000000
v 2.74719914 17.36328712 11.00000000
v 2.58784811 17.70768304 11.00000000
v 2.42849708 18.05207895 11.00000000
v 2.26914605 18.39647487 11.00000000
v 2.10979502 18.74087079 11.00000000
v 1.95044399 19.08526670 11.00000000
v 1.79109296 19.42966262 11.00000000
v 1.63174193 19.77405853 11.00000000
v 1.47239090 20.11845445 11.00000000
v 1.31303987 20.46285036 11.00000000
v 1.15368884 20.80724628 11.00000000
v 0.99433782 21.15164219 11.00000000
v 0.83498679 21.49603811 11.00000000
v 0.67563576 21.84043402 11.00000000
v 0.85746744 22.07385076 11.00000000
v 1.16049934 22.27173054 11.00000000
v 1.47879614 22.46800416 11.00000000
v 1.80914286 22.66258178 11.00000000
v 2.14832450 22.85537355 11.00000000
v 2.49312608 23.04628966 11.00000000
v 2.84033263 23.23524024 11.00000000
v 3.18672914 23.42213548 11.00000000
v 3.52910065 23.60688552 11.00000000
v 3.86423216 23.78940053 11.00000000
v 4.18890869 23.96959067 11.00000000
v 4.50288942 24.14895896 11.00000000
v 4.82652946 24.33494512 11.00000000
v 5.15245547 24.52056727 11.00000000
v 5.48042910 24.70589523 11.00000000
v 5.81021200 24.89099879 11.00000000
v 6.14156580 25.07594776 11.00000000
v 6.47425215 25.26081193 11.00000000
v 6.80803269 25.44566111 11.00000000
v 7.14266908 25.63056511 11.00000000
v 7.47792294 25.81559372 11.00000000
v 7.81355593 26.00081675 11.00000000
v 8.14932969 26.18630399 11.00000000
v 8.48500586 26.37212526 11.00000000
v 8.82034609 26.55835035 11.00000000
v 9.15511202 26.74504907 11.00000000
v 9.48906530 26.93229122 11.00000000
v 9.82196756 27.12014660 11.00000000
v 10.15358046 27.30868502 11.00000000
v 10.48366563 27.49797627 11.00000000
v 10.81198473 27.68809016 11.00000000
v 11.13829938 27.87909649 11.00000000
v 11.46237125 28.07106507 11.00000000
v 11.78396197 28.26406569 11.00000000
v 12.10283318 28.45816816 11.00000000
v -26.43200222 -1.78477180 11.00000000
v -26.18424784 -1.92447261 11.00000000
v -25.93653594 -2.06424884 11.00000000
v -25.68886656 -2.20410043 11.00000000
v -25.44123969 -2.34402732 11.00000000
v -25.19365535 -2.48402945 11.00000000
v -24.94611355 -2.62410676 11.00000000
v -24.69861431 -2.76425917 11.00000000
v -24.45115764 -2.90448664 11.00000000
v -24.20374354 -3.04478909 11.00000000
v -23.95637204 -3.18516647 11.00000000
v -23.70904314 -3.32561871 11.00000000
v -23.46175686 -3.46614575 11.00000000
v -23.21451321 -3.60674753 11.00000000
v -22.96731220 -3.74742398 11.00000000
v -22.72015385 -3.88817505 11.00000000
v -22.47303816 -4.02900067 11.00000000
v -22.22596516 -4.16990077 11.00000000
v -21.97893484 -4.31087531 11.00000000
v -21.73194723 -4.45192420 11.00000000
v -21.48500234 -4.59304739 11.00000000
v -21.23810018 -4.73424483 11.00000000
v -20.99124076 -4.87551644 11.00000000
v -20.74442409 -5.01686216 11.00000000
v -20.49765019 -5.15828193 11.00000000
v -20.25091907 -5.29977570 11.00000000
v -20.00423074 -5.44134338 11.00000000
v -19.75758522 -5.58298494 11.00000000
v -19.51098251 -5.72470029 11.00000000
v -19.26442264 -5.86648938 11.00000000
v -19.01790560 -6.00835215 11.00000000
v -18.77143142 -6.15028853 11.00000000
v -18.52500011 -6.29229846 11.00000000
v -18.27861167 -6.43438189 11.00000000
v -18.03226613 -6.57653874 11.00000000
v -17.78596349 -6.71876895 11.00000000
v -17.53970377 -6.86107247 11.00000000
v -17.29348698 -7.00344922 11.00000000
v -17.04731313 -7.14589915 11.00000000
v -16.80118224 -7.28842220 11.00000000
v -16.55509431 -7.43101830 11.00000000
v -16.30904936 -7.57368739 11.00000000
v -16.06304740 -7.71642940 11.00000000
v -15.81708845 -7.85924428 11.00000000
v -15.57117252 -8.00213197 11.00000000
v -15.32529961 -8.14509239 11.00000000
v -15.07946974 -8.28812549 11.00000000
v -14.83368293 -8.43123120 11.00000000
v -14.79374646 -8.59505796 11.00000000
v -14.90471589 -8.79298535 11.00000000
v -15.02029024 -9.01292773 11.00000000
v -15.13972187 -9.25205548 11.00000000
v -15.26226314 -9.50753899 11.00000000
v -15.38716640 -9.77654865 11.00000000
v -15.51368400 -10.05625485 11.00000000
v -15.64106830 -10.34382797 11.00000000
v -15.76857166 -10.63643840 11.00000000
v -15.89544642 -10.93125653 11.00000000
v -16.02094495 -11.22545276 11.00000000
v -16.14431959 -11.51619746 11.00000000
v -16.26482271 -11.80066102 11.00000000
v -16.38170664 -12.07601384 11.00000000
v -16.49422376 -12.33942631 11.00000000
v -16.60162641 -12.58806880 11.00000000
v -16.70316695 -12.81911171 11.00000000
v -16.80261026 -13.03978559 11.00000000
v -16.92038130 -13.29867938 11.00000000
v -17.03815235 -13.55757317 11.00000000
v -17.15592339 -13.81646695 11.00000000
v -17.27369444 -14.07536074 11.00000000
v -17.39146548 -14.33425452 11.00000000
v -17.50923653 -14.59314831 11.00000000
v -17.62700758 -14.85204209 11.00000000
v -17.74477862 -15.11093588 11.00000000
v -17.86254967 -15.36982967 11.00000000
v -17.98032071 -15.62872345 11.00000000
v -18.09809176 -15.88761724 11.00000000
v -18.21586280 -16.14651102 11.00000000
v -18.33363385 -16.40540481 11.00000000
v -18.45140490 -16.66429860 11.00000000
v -18.56917594 -16.92319238 11.00000000
v -18.68694699 -17.18208617 11.00000000
v -18.80471803 -17.44097995 11.00000000
v -18.92248908 -17.69987374 11.00000000
v -19.04026012 -17.95876752 11.00000000
v -19.15803117 -18.21766131 11.00000000
v -19.27580222 -18.47655510 11.00000000
v -19.39357326 -18.73544888 11.00000000
v -19.51134431 -18.99434267 11.00000000
v -19.62911535 -19.25323645 11.00000000
v -19.74688640 -19.51213024 11.00000000
v -19.86465744 -19.77102403 11.00000000
v -19.98242849 -20.02991781 11.00000000
v -20.10019954 -20.28881160 11.00000000
v -20.21797058 -20.54770538 11.00000000
v -20.33574163 -20.80659917 11.00000000
v -20.45351267 -21.06549295 11.00000000
v -20.57128372 -21.32438674 11.00000000
v -20.68905476 -21.58328053 11.00000000
v -20.80682581 -21.84217431 11.00000000
v -20.92459686 -22.10106810 11.00000000
v -21.04236790 -22.35996188 11.00000000
v -21.16013895 -22.61885567 11.00000000
v -21.27790999 -22.87774946 11.00000000
v -21.39568104 -23.13664324 11.00000000
v -21.51156722 -23.39067393 11.00000000
v -21.62297121 -23.63583094 11.00000000
v -21.73634635 -23.88968575 11.00000000
v -21.85145674 -24.15067884 11.00000000
v -21.96806646 -24.41725067 11.00000000
v -22.08593961 -24.68784172 11.00000000
v -22.20484028 -24.96089246 11.00000000
v -22.32453257 -25.23484335 11.00000000
v -22.44478057 -25.50813487 11.00000000
v -22.56534838 -25.77920750 11.00000000
v -22.68600008 -26.04650170 11.00000000
v -22.80649977 -26.30845794 11.00000000
v -22.92661155 -26.56351669 11.00000000
v -23.04609950 -26.81011843 11.00000000
v -23.16472773 -27.04670363 11.00000000
v -23.29213370 -27.22524173 11.00000000
v -23.50443901 -27.09008724 11.00000000
v -23.74698349 -26.94513791 11.00000000
v -24.00896764 -26.79474561 11.00000000
v -24.27959195 -26.64326222 11.00000000
v -24.54805689 -26.49503960 11.00000000
v -24.80356296 -26.35442964 11.00000000
v -25.03531065 -26.22578420 11.00000000
v -25.27280361 -26.09143340 11.00000000
v -25.52025103 -25.95119864 11.00000000
v -25.76769844 -25.81096387 11.00000000
v -26.01514585 -25.67072910 11.00000000
v -26.26259326 -25.53049434 11.00000000
v -26.51004068 -25.39025957 11.00000000
v -26.75748809 -25.25002481 11.00000000
v -27.00493550 -25.10979004 11.00000000
v -27.25238291 -24.96955527 11.00000000
v -27.49983033 -24.82932051 11.00000000
v -27.74727774 -24.68908574 11.00000000
v -27.99472515 -24.54885097 11.00000000
v -28.24217256 -24.40861621 11.00000000
v -28.48961997 -24.26838144 11.00000000
v -28.73653006 -24.12720327 11.00000000
v -28.98337337 -23.98590786 11.00000000
v -29.23021667 -23.84461245 11.00000000
v -29.47705998 -23.70331704 11.00000000
v -29.72390329 -23.56202163 11.00000000
v -29.97074660 -23.42072623 11.00000000
v -30.21758991 -23.27943082 11.00000000
v -30.46443322 -23.13813541 11.00000000
v -30.71127653 -22.99684000 11.00000000
v -30.95811983 -22.85554459 11.00000000
v -31.20496314 -22.71424918 11.00000000
v -31.45180645 -22.57295377 11.00000000
v -31.69864976 -22.43165836 11.00000000
v -31.94549307 -22.29036295 11.00000000
v -32.19233638 -22.14906754 11.00000000
v -32.43917969 -22.00777214 11.00000000
v -32.68602299 -21.86647673 11.00000000
v -32.90562718 -21.74036852 11.00000000
v -33.14487435 -21.60163321 11.00000000
v -33.40043978 -21.45321464 11.00000000
v -33.66629499 -21.29964452 11.00000000
v -33.93641149 -21.14545460 11.00000000
v -34.20476080 -20.99517659 11.00000000
v -34.46531445 -20.85334222 11.00000000
v -34.71204394 -20.72448323 11.00000000
v -34.93892080 -20.61313133 11.00000000
v -34.93576077 -20.41458416 11.00000000
v -34.81500745 -20.15852760 11.00000000
v -34.69540634 -19.90130330 11.00000000
v -34.57682532 -19.64306800 11.00000000
v -34.45913225 -19.38397844 11.00000000
v -34.34219500 -19.12419136 11.00000000
v -34.22588144 -18.86386349 11.00000000
v -34.11005943 -18.60315157 11.00000000
v -33.99459684 -18.34221235 11.00000000
v -33.87936155 -18.08120255 11.00000000
v -33.76422141 -17.82027892 11.00000000
v -33.64904430 -17.55959820 11.00000000
v -33.53369808 -17.29931713 11.00000000
v -33.41805063 -17.03959243 11.00000000
v -33.30196981 -16.78058086 11.00000000
v -33.18532348 -16.52243915 11.00000000
v -33.06766888 -16.26376423 11.00000000
v -32.94989218 -16.00487301 11.00000000
v -32.83211549 -15.74598179 11.00000000
v -32.71433880 -15.48709057 11.00000000
v -32.59656211 -15.22819936 11.00000000
v -32.47878542 -14.96930814 11.00000000
v -32.36100872 -14.71041692 11.00000000
v -32.24323203 -14.45152571 11.00000000
v -32.12545534 -14.19263449 11.00000000
v -32.00767865 -13.93374327 11.00000000
v -31.88990195 -13.67485205 11.00000000
v -31.77212526 -13.41596084 11.00000000
v -31.65434857 -13.15706962 11.00000000
v -31.53657188 -12.89817840 11.00000000
v -31.41879519 -12.63928718 11.00000000
v -31.30101849 -12.38039597 11.00000000
v -31.18324180 -12.12150475 11.00000000
v -31.06546511 -11.86261353 11.00000000
v -30.94768842 -11.60372232 11.00000000
v -30.82991173 -11.34483110 11.00000000
v -30.71213503 -11.08593988 11.00000000
v -30.59435834 -10.82704866 11.00000000
v -30.47658165 -10.56815745 11.00000000
v -30.35880496 -10.30926623 11.00000000
v -30.24102826 -10.05037501 11.00000000
v -30.12325157 -9.79148380 11.00000000
v -30.00547488 -9.53259258 11.00000000
v -29.88769819 -9.27370136 11.00000000
v -29.76992150 -9.01481014 11.00000000
v -29.65214480 -8.75591893 11.00000000
v -29.53436811 -8.49702771 11.00000000
v -29.41659142 -8.23813649 11.00000000
v -29.29881473 -7.97924528 11.00000000
v -29.18103804 -7.72035406 11.00000000
v -29.06326134 -7.46146284 11.00000000
v -28.94548465 -7.20257162 11.00000000
v -28.82770796 -6.94368041 11.00000000
v -28.70993127 -6.68478919 11.00000000
v -28.59215457 -6.42589797 11.00000000
v -28.47292004 -6.16514625 11.00000000
v -28.35410279 -5.90449505 11.00000000
v -28.23607227 -5.64452496 11.00000000
v -28.11864022 -5.38517431 11.00000000
v -28.00161839 -5.12638142 11.00000000
v -27.88481849 -4.86808463 11.00000000
v -27.76805227 -4.61022228 11.00000000
v -27.65113146 -4.35273269 11.00000000
v -27.53386779 -4.09555420 11.00000000
v -27.41607299 -3.83862514 11.00000000
v -27.29755881 -3.58188383 11.00000000
v -27.17813697 -3.32526862 11.00000000
v -27.05761921 -3.06871782 11.00000000
v -26.93581725 -2.81216978 11.00000000
v -26.81254284 -2.55556283 11.00000000
v -26.68760771 -2.29883530 11.00000000
v -26.56082359 -2.04192551 11.00000000
v 26.41652801 -1.79475517 11.00000000
v 26.58639862 -1.95407322 11.00000000
v 26.68505832 -2.17420892 11.00000000
v 26.78623181 -2.39963409 11.00000000
v 26.88980983 -2.63011981 11.00000000
v 26.99568310 -2.86543718 11.00000000
v 27.10374235 -3.10535730 11.00000000
v 27.21387834 -3.34965128 11.00000000
v 27.32598177 -3.59809021 11.00000000
v 27.43994339 -3.85044519 11.00000000
v 27.55565393 -4.10648732 11.00000000
v 27.67300412 -4.36598770 11.00000000
v 27.79188470 -4.62871743 11.00000000
v 27.91218639 -4.89444760 11.00000000
v 28.03379994 -5.16294932 11.00000000
v 28.15661606 -5.43399368 11.00000000
v 28.28052551 -5.70735179 11.00000000
v 28.40541899 -5.98279474 11.00000000
v 28.53118726 -6.26009364 11.00000000
v 28.65772104 -6.53901957 11.00000000
v 28.78491107 -6.81934365 11.00000000
v 28.91264808 -7.10083696 11.00000000
v 29.04082279 -7.38327062 11.00000000
v 29.16932595 -7.66641571 11.00000000
v 29.29804829 -7.95004333 11.00000000
v 29.42688053 -8.23392460 11.00000000
v 29.55571341 -8.51783060 11.00000000
v 29.68443767 -8.80153243 11.00000000
v 29.81294404 -9.08480119 11.00000000
v 29.94112324 -9.36740799 11.00000000
v 30.06886602 -9.64912392 11.00000000
v 30.19606310 -9.92972008 11.00000000
v 30.32260521 -10.20896757 11.00000000
v 30.44838310 -10.48663749 11.00000000
v 30.57328749 -10.76250093 11.00000000
v 30.69720911 -11.03632901 11.00000000
v 30.82003870 -11.30789280 11.00000000
v 30.94166699 -11.57696343 11.00000000
v 31.06198471 -11.84331197 11.00000000
v 31.18088260 -12.10670954 11.00000000
v 31.29825138 -12.36692723 11.00000000
v 31.41398180 -12.62373615 11.00000000
v 31.52796458 -12.87690738 11.00000000
v 31.64009045 -13.12621203 11.00000000
v 31.75025015 -13.37142121 11.00000000
v 31.85833441 -13.61230599 11.00000000
v 31.96423397 -13.84863750 11.00000000
v 32.06783955 -14.08018682 11.00000000
v 32.16904189 -14.30672506 11.00000000
v 32.26773173 -14.52802331 11.00000000
v 32.36379978 -14.74385267 11.00000000
v 32.45713680 -14.95398425 11.00000000
v 32.54763350 -15.15818913 11.00000000
v 32.66033402 -15.41411158 11.00000000
v 32.77454942 -15.67353864 11.00000000
v 32.88876483 -15.93296570 11.00000000
v 33.00298023 -16.19239276 11.00000000
v 33.11719564 -16.45181982 11.00000000
v 33.23141104 -16.71124687 11.00000000
v 33.34562645 -16.97067393 11.00000000
v 33.45984185 -17.23010099 11.00000000
v 33.57405726 -17.48952805 11.00000000
v 33.68827266 -17.74895511 11.00000000
v 33.80248807 -18.00838217 11.00000000
v 33.91670347 -18.26780923 11.00000000
v 34.02696509 -18.51843519 11.00000000
v 34.13668136 -18.76962446 11.00000000
v 34.25172992 -19.03231972 11.00000000
v 34.37141393 -19.30152427 11.00000000
v 34.49503655 -19.57224140 11.00000000
v 34.62190094 -19.83947441 11.00000000
v 34.75131026 -20.09822658 11.00000000
v 34.88256769 -20.34350121 11.00000000
v 35.01497636 -20.57030160 11.00000000
v 34.80113585 -20.69448890 11.00000000
v 34.55879381 -20.82106508 11.00000000
v 34.31075956 -20.95455238 11.00000000
v 34.05855541 -21.09355046 11.00000000
v 33.80370367 -21.23665895 11.00000000
v 33.54772663 -21.38247749 11.00000000
v 33.29214660 -21.52960574 11.00000000
v 33.03848588 -21.67664333 11.00000000
v 32.78826678 -21.82218991 11.00000000
v 32.54301159 -21.96484512 11.00000000
v 32.30424263 -22.10320860 11.00000000
v 32.07047301 -22.23748342 11.00000000
v 31.82415174 -22.37780067 11.00000000
v 31.57791900 -22.51826060 11.00000000
v 31.33177478 -22.65886413 11.00000000
v 31.08571908 -22.79961218 11.00000000
v 30.83975190 -22.94050565 11.00000000
v 30.59387324 -23.08154547 11.00000000
v 30.34808310 -23.22273254 11.00000000
v 30.10238149 -23.36406778 11.00000000
v 29.85676839 -23.50555210 11.00000000
v 29.61124382 -23.64718641 11.00000000
v 29.36580777 -23.78897163 11.00000000
v 29.12046023 -23.93090866 11.00000000
v 28.87520122 -24.07299843 11.00000000
v 28.63003073 -24.21524185 11.00000000
v 28.38494876 -24.35763982 11.00000000
v 28.13995531 -24.50019327 11.00000000
v 27.89505039 -24.64290310 11.00000000
v 27.65023398 -24.78577023 11.00000000
v 27.40550610 -24.92879557 11.00000000
v 27.18981018 -25.05404896 11.00000000
v 26.96660954 -25.18083158 11.00000000
v 26.72752900 -25.31452873 11.00000000
v 26.47541981 -25.45406595 11.00000000
v 26.21313322 -25.59836879 11.00000000
v 25.94352050 -25.74636278 11.00000000
v 25.66943290 -25.89697347 11.00000000
v 25.39372168 -26.04912639 11.00000000
v 25.11923809 -26.20174708 11.00000000
v 24.84883340 -26.35376109 11.00000000
v 24.58535884 -26.50409396 11.00000000
v 24.33166570 -26.65167122 11.00000000
v 24.09060521 -26.79541842 11.00000000
v 23.86502864 -26.93426110 11.00000000
v 23.65778724 -27.06712480 11.00000000
v 23.47173228 -27.19293506 11.00000000
v 23.35771013 -26.96525280 11.00000000
v 23.24632412 -26.71064753 11.00000000
v 23.13325697 -26.45498508 11.00000000
v 23.01866338 -26.19837932 11.00000000
v 22.90269801 -25.94094414 11.00000000
v 22.78551556 -25.68279342 11.00000000
v 22.66727070 -25.42404103 11.00000000
v 22.54811810 -25.16480086 11.00000000
v 22.42821246 -24.90518677 11.00000000
v 22.30770845 -24.64531266 11.00000000
v 22.18676074 -24.38529239 11.00000000
v 22.06552403 -24.12523985 11.00000000
v 21.94415298 -23.86526891 11.00000000
v 21.82280229 -23.60549346 11.00000000
v 21.70162662 -23.34602737 11.00000000
v 21.58078067 -23.08698452 11.00000000
v 21.46041910 -22.82847879 11.00000000
v 21.34069661 -22.57062406 11.00000000
v 21.22176786 -22.31353421 11.00000000
v 21.10378754 -22.05732310 11.00000000
v 20.98691033 -21.80210464 11.00000000
v 20.87129092 -21.54799268 11.00000000
v 20.75527602 -21.29088550 11.00000000
v 20.63874974 -21.03248753 11.00000000
v 20.52214708 -20.77412450 11.00000000
v 20.40546811 -20.51579639 11.00000000
v 20.28871288 -20.25750318 11.00000000
v 20.17188142 -19.99924483 11.00000000
v 20.05497381 -19.74102133 11.00000000
v 19.93799008 -19.48283264 11.00000000
v 19.82093029 -19.22467874 11.00000000
v 19.70379449 -18.96655961 11.00000000
v 19.58658273 -18.70847522 11.00000000
v 19.46929506 -18.45042554 11.00000000
v 19.35193153 -18.19241055 11.00000000
v 19.23449220 -17.93443023 11.00000000
v 19.11697712 -17.67648454 11.00000000
v 18.99938632 -17.41857347 11.00000000
v 18.88171988 -17.16069698 11.00000000
v 18.76397784 -16.90285505 11.00000000
v 18.64616024 -16.64504766 11.00000000
v 18.52826715 -16.38727478 11.00000000
v 18.41029861 -16.12953638 11.00000000
v 18.29225467 -15.87183244 11.00000000
v 18.17413538 -15.61416294 11.00000000
v 18.05594080 -15.35652784 11.00000000
v 17.93767098 -15.09892712 11.00000000
v 17.81932597 -14.84136076 11.00000000
v 17.70090581 -14.58382874 11.00000000
v 17.58241056 -14.32633101 11.00000000
v 17.46384028 -14.06886757 11.00000000
v 17.34519501 -13.81143838 11.00000000
v 17.22647480 -13.55404342 11.00000000
v 17.10767970 -13.29668266 11.00000000
v 16.98880977 -13.03935608 11.00000000
v 16.86986506 -12.78206365 11.00000000
v 16.75084562 -12.52480535 11.00000000
v 16.63175149 -12.26758114 11.00000000
v 16.51258274 -12.01039102 11.00000000
v 16.39333941 -11.75323494 11.00000000
v 16.27402155 -11.49611289 11.00000000
v 16.15462921 -11.23902483 11.00000000
v 16.03516245 -10.98197075 11.00000000
v 15.91562131 -10.72495061 11.00000000
v 15.79600585 -10.46796440 11.00000000
v 15.67631612 -10.21101208 11.00000000
v 15.55655217 -9.95409364 11.00000000
v 15.43671405 -9.69720903 11.00000000
v 15.31680182 -9.44035825 11.00000000
v 15.19681551 -9.18354126 11.00000000
v 15.07675519 -8.92675804 11.00000000
v 14.95662090 -8.67000857 11.00000000
v 14.85705026 -8.42077166 11.00000000
v 15.07238949 -8.27776174 11.00000000
v 15.31038308 -8.13128895 11.00000000
v 15.56352602 -7.98330276 11.00000000
v 15.82431333 -7.83575262 11.00000000
v 16.08524001 -7.69058798 11.00000000
v 16.33880107 -7.54975830 11.00000000
v 16.57749151 -7.41521305 11.00000000
v 16.81638774 -7.27570370 11.00000000
v 17.06103657 -7.13253838 11.00000000
v 17.30597379 -6.98986074 11.00000000
v 17.55119828 -6.84767305 11.00000000
v 17.79670891 -6.70597754 11.00000000
v 18.04250457 -6.56477646 11.00000000
v 18.28858413 -6.42407206 11.00000000
v 18.53494646 -6.28386657 11.00000000
v 18.78159045 -6.14416226 11.00000000
v 19.02851497 -6.00496136 11.00000000
v 19.27571891 -5.86626612 11.00000000
v 19.52320112 -5.72807878 11.00000000
v 19.77096051 -5.59040160 11.00000000
v 20.01899593 -5.45323681 11.00000000
v 20.26654053 -5.31663041 11.00000000
v 20.51276250 -5.17975812 11.00000000
v 20.75903018 -5.04215741 11.00000000
v 21.00533518 -4.90387979 11.00000000
v 21.25166912 -4.76497677 11.00000000
v 21.49802362 -4.62549984 11.00000000
v 21.74439031 -4.48550050 11.00000000
v 21.99076081 -4.34503027 11.00000000
v 22.23712673 -4.20414064 11.00000000
v 22.48347970 -4.06288312 11.00000000
v 22.72981134 -3.92130920 11.00000000
v 22.97611327 -3.77947040 11.00000000
v 23.22237710 -3.63741821 11.00000000
v 23.46859446 -3.49520413 11.00000000
v 23.71475698 -3.35287967 11.00000000
v 23.96085626 -3.21049633 11.00000000
v 24.20688393 -3.06810562 11.00000000
v 24.45283162 -2.92575903 11.00000000
v 24.69869094 -2.78350807 11.00000000
v 24.94445351 -2.64140424 11.00000000
v 25.19011096 -2.49949905 11.00000000
v 25.43565490 -2.35784399 11.00000000
v 25.68107695 -2.21649057 11.00000000
v 25.92636874 -2.07549029 11.00000000
v 26.17152189 -1.93489465 11.00000000
v 0.00909595 -1.12198756 11.00000000
v 0.09948838 -1.15606323 11.00000000
v 0.26610591 -1.24045199 11.00000000
v 0.48962532 -1.36293747 11.00000000
v 0.75072337 -1.51130329 11.00000000
v 1.03007683 -1.67333308 11.00000000
v 1.30836248 -1.83681047 11.00000000
v 1.56625707 -1.98951907 11.00000000
v 1.78443738 -2.11924253 11.00000000
v 1.94358019 -2.21376445 11.00000000
v 2.08363610 -2.29542079 11.00000000
v 2.29003713 -2.41498497 11.00000000
v 2.49648677 -2.53446540 11.00000000
v 2.70298497 -2.65386208 11.00000000
v 2.90953166 -2.77317502 11.00000000
v 3.11612681 -2.89240421 11.00000000
v 3.32277036 -3.01154966 11.00000000
v 3.52946226 -3.13061136 11.00000000
v 3.73620245 -3.24958931 11.00000000
v 3.94299089 -3.36848353 11.00000000
v 4.14982753 -3.48729399 11.00000000
v 4.35671231 -3.60602071 11.00000000
v 4.56364518 -3.72466369 11.00000000
v 4.77062609 -3.84322292 11.00000000
v 4.97765499 -3.96169840 11.00000000
v 5.18473183 -4.08009014 11.00000000
v 5.39185656 -4.19839813 11.00000000
v 5.59902912 -4.31662238 11.00000000
v 5.80624946 -4.43476288 11.00000000
v 6.01351753 -4.55281964 11.00000000
v 6.22083329 -4.67079265 11.00000000
v 6.42819668 -4.78868192 11.00000000
v 6.63560764 -4.90648744 11.00000000
v 6.84306613 -5.02420922 11.00000000
v 7.05057210 -5.14184725 11.00000000
v 7.25812549 -5.25940153 11.00000000
v 7.46572626 -5.37687207 11.00000000
v 7.67337434 -5.49425887 11.00000000
v 7.88106970 -5.61156192 11.00000000
v 8.08881227 -5.72878122 11.00000000
v 8.29660201 -5.84591678 11.00000000
v 8.50443887 -5.96296860 11.00000000
v 8.71232279 -6.07993666 11.00000000
v 8.92025372 -6.19682099 11.00000000
v 9.12823162 -6.31362156 11.00000000
v 9.33625643 -6.43033840 11.00000000
v 9.51846035 -6.53301517 11.00000000
v 9.70562210 -6.64061742 11.00000000
v 9.90714052 -6.75794708 11.00000000
v 10.12025969 -6.88281459 11.00000000
v 10.34222363 -7.01303038 11.00000000
v 10.57027642 -7.14640489 11.00000000
v 10.80166210 -7.28074857 11.00000000
v 11.03362473 -7.41387184 11.00000000
v 11.26340836 -7.54358515 11.00000000
v 11.48825704 -7.66769894 11.00000000
v 11.70541482 -7.78402364 11.00000000
v 11.91212577 -7.89036970 11.00000000
v 12.10563393 -7.98454755 11.00000000
v 12.28318336 -8.06436762 11.00000000
v 12.26785164 -8.15265047 11.00000000
v 12.06120975 -8.26393190 11.00000000
v 11.85441811 -8.37630777 11.00000000
v 11.64749071 -8.48971936 11.00000000
v 11.44044153 -8.60410790 11.00000000
v 11.23328458 -8.71941466 11.00000000
v 11.02603384 -8.83558090 11.00000000
v 10.81870331 -8.95254785 11.00000000
v 10.61130696 -9.07025678 11.00000000
v 10.40385881 -9.18864895 11.00000000
v 10.19637283 -9.30766560 11.00000000
v 9.98886303 -9.42724799 11.00000000
v 9.78134338 -9.54733737 11.00000000
v 9.57382789 -9.66787501 11.00000000
v 9.36633054 -9.78880214 11.00000000
v 9.15886532 -9.91006003 11.00000000
v 8.95144623 -10.03158994 11.00000000
v 8.74408726 -10.15333310 11.00000000
v 8.53680240 -10.27523079 11.00000000
v 8.32960564 -10.39722425 11.00000000
v 8.12251097 -10.51925474 11.00000000
v 7.91553238 -10.64126350 11.00000000
v 7.70868387 -10.76319181 11.00000000
v 7.50197942 -10.88498090 11.00000000
v 7.29543303 -11.00657203 11.00000000
v 7.08905869 -11.12790647 11.00000000
v 6.88287039 -11.24892545 11.00000000
v 6.67688213 -11.36957024 11.00000000
v 6.47110788 -11.48978209 11.00000000
v 6.26556165 -11.60950225 11.00000000
v 6.06025743 -11.72867199 11.00000000
v 5.85520920 -11.84723254 11.00000000
v 5.65043096 -11.96512517 11.00000000
v 5.44656273 -12.08192438 11.00000000
v 5.24571441 -12.19612882 11.00000000
v 5.04272281 -12.31065761 11.00000000
v 4.83778312 -12.42550100 11.00000000
v 4.63109055 -12.54064928 11.00000000
v 4.42284028 -12.65609272 11.00000000
v 4.21322752 -12.77182158 11.00000000
v 4.00244746 -12.88782615 11.00000000
v 3.79069529 -13.00409669 11.00000000
v 3.57816621 -13.12062347 11.00000000
v 3.36505543 -13.23739677 11.00000000
v 3.15155812 -13.35440685 11.00000000
v 2.93786950 -13.47164400 11.00000000
v 2.72418475 -13.58909847 11.00000000
v 2.51069907 -13.70676055 11.00000000
v 2.29760766 -13.82462050 11.00000000
v 2.08510572 -13.94266860 11.00000000
v 1.87338843 -14.06089512 11.00000000
v 1.66265100 -14.17929032 11.00000000
v 1.45308862 -14.29784449 11.00000000
v 1.24489649 -14.41654789 11.00000000
v 1.03826980 -14.53539080 11.00000000
v 0.83340375 -14.65436348 11.00000000
v 0.63049354 -14.77345621 11.00000000
v 0.42973436 -14.89265926 11.00000000
v 0.23132140 -15.01196291 11.00000000
v 0.03544987 -15.13135742 11.00000000
v -0.15939996 -15.20457182 11.00000000
v -0.36161085 -15.10499585 11.00000000
v -0.56705601 -14.99967462 11.00000000
v -0.77517407 -14.88937262 11.00000000
v -0.98540366 -14.77485439 11.00000000
v -1.19718343 -14.65688444 11.00000000
v -1.40995201 -14.53622728 11.00000000
v -1.62314803 -14.41364744 11.00000000
v -1.83621012 -14.28990943 11.00000000
v -2.04857692 -14.16577778 11.00000000
v -2.25968706 -14.04201700 11.00000000
v -2.46897917 -13.91939160 11.00000000
v -2.67589190 -13.79866612 11.00000000
v -2.87986387 -13.68060505 11.00000000
v -3.08033373 -13.56597293 11.00000000
v -3.28233047 -13.45267024 11.00000000
v -3.49075471 -13.33668819 11.00000000
v -3.69913765 -13.22062664 11.00000000
v -3.90747923 -13.10448599 11.00000000
v -4.11577942 -12.98826667 11.00000000
v -4.32403817 -12.87196909 11.00000000
v -4.53225544 -12.75559367 11.00000000
v -4.74043120 -12.63914082 11.00000000
v -4.94856539 -12.52261097 11.00000000
v -5.15665798 -12.40600452 11.00000000
v -5.36470892 -12.28932190 11.00000000
v -5.57271818 -12.17256352 11.00000000
v -5.78068571 -12.05572980 11.00000000
v -5.98861148 -11.93882116 11.00000000
v -6.19649542 -11.82183800 11.00000000
v -6.40433752 -11.70478076 11.00000000
v -6.61213772 -11.58764985 11.00000000
v -6.81989599 -11.47044568 11.00000000
v -7.02761228 -11.35316867 11.00000000
v -7.23528654 -11.23581923 11.00000000
v -7.44291875 -11.11839779 11.00000000
v -7.65050885 -11.00090476 11.00000000
v -7.85805681 -10.88334056 11.00000000
v -8.06556258 -10.76570560 11.00000000
v -8.27302612 -10.64800030 11.00000000
v -8.48044740 -10.53022508 11.00000000
v -8.68782636 -10.41238036 11.00000000
v -8.89516297 -10.29446654 11.00000000
v -9.10245718 -10.17648406 11.00000000
v -9.29116463 -10.06868325 11.00000000
v -9.47731839 -9.96095371 11.00000000
v -9.67462308 -9.84580162 11.00000000
v -9.88133335 -9.72465238 11.00000000
v -10.09570385 -9.59893140 11.00000000
v -10.31598922 -9.47006407 11.00000000
v -10.54044410 -9.33947582 11.00000000
v -10.76732315 -9.20859204 11.00000000
v -10.99488100 -9.07883815 11.00000000
v -11.22137232 -8.95163953 11.00000000
v -11.44505174 -8.82842161 11.00000000
v -11.66417391 -8.71060979 11.00000000
v -11.87699348 -8.59962946 11.00000000
v -12.08176509 -8.49690605 11.00000000
v -12.27674339 -8.40386495 11.00000000
v -12.46018303 -8.32193156 11.00000000
v -12.42006220 -8.22136945 11.00000000
v -12.21902130 -8.10041475 11.00000000
v -12.01746522 -7.97960600 11.00000000
v -11.81540990 -7.85894026 11.00000000
v -11.61287125 -7.73841461 11.00000000
v -11.40986523 -7.61802610 11.00000000
v -11.20640775 -7.49777181 11.00000000
v -11.00251474 -7.37764879 11.00000000
v -10.79820215 -7.25765411 11.00000000
v -10.59348589 -7.13778485 11.00000000
v -10.38838191 -7.01803805 11.00000000
v -10.18290612 -6.89841079 11.00000000
v -9.97707447 -6.77890013 11.00000000
v -9.77090288 -6.65950314 11.00000000
v -9.56440728 -6.54021688 11.00000000
v -9.35760361 -6.42103842 11.00000000
v -9.15050780 -6.30196482 11.00000000
v -8.94313578 -6.18299315 11.00000000
v -8.73550347 -6.06412047 11.00000000
v -8.52762682 -5.94534385 11.00000000
v -8.31952174 -5.82666035 11.00000000
v -8.11120418 -5.70806704 11.00000000
v -7.90269006 -5.58956098 11.00000000
v -7.69399531 -5.47113924 11.00000000
v -7.48513587 -5.35279888 11.00000000
v -7.27612767 -5.23453696 11.00000000
v -7.06698663 -5.11635057 11.00000000
v -6.85772870 -4.99823674 11.00000000
v -6.64836979 -4.88019257 11.00000000
v -6.43892584 -4.76221510 11.00000000
v -6.22941279 -4.64430140 11.00000000
v -6.01984656 -4.52644854 11.00000000
v -5.81024308 -4.40865358 11.00000000
v -5.60061829 -4.29091360 11.00000000
v -5.39098811 -4.17322564 11.00000000
v -5.18136848 -4.05558678 11.00000000
v -4.97177533 -3.93799409 11.00000000
v -4.76222459 -3.82044462 11.00000000
v -4.55273219 -3.70293545 11.00000000
v -4.34331406 -3.58546364 11.00000000
v -4.13398613 -3.46802625 11.00000000
v -3.92476434 -3.35062035 11.00000000
v -3.71566461 -3.23324300 11.00000000
v -3.50670288 -3.11589127 11.00000000
v -3.29789508 -2.99856223 11.00000000
v -3.08925713 -2.88125293 11.00000000
v -2.88080497 -2.76396045 11.00000000
v -2.67255453 -2.64668184 11.00000000
v -2.46452175 -2.52941418 11.00000000
v -2.25672255 -2.41215453 11.00000000
v -2.04917286 -2.29489995 11.00000000
v -1.84188861 -2.17764751 11.00000000
v -1.63488574 -2.06039428 11.00000000
v -1.42818018 -1.94313731 11.00000000
v -1.22178786 -1.82587368 11.00000000
v -1.01572470 -1.70860045 11.00000000
v -0.81000665 -1.59131468 11.00000000
v -0.60464962 -1.47401344 11.00000000
v -0.39966956 -1.35669380 11.00000000
v -0.19508239 -1.23935282 11.00000000
v 0.02351636 36.13780168 11.00000000
v 0.20261267 36.02987018 11.00000000
v 0.38494588 35.92156612 11.00000000
v 0.57013527 35.81296751 11.00000000
v 0.75780015 35.70415231 11.00000000
v 0.94755982 35.59519853 11.00000000
v 1.13903357 35.48618414 11.00000000
v 1.33184071 35.37718713 11.00000000
v 1.52560052 35.26828548 11.00000000
v 1.71993232 35.15955719 11.00000000
v 1.91445539 35.05108024 11.00000000
v 2.10878903 34.94293261 11.00000000
v 2.30255255 34.83519230 11.00000000
v 2.49536523 34.72793727 11.00000000
v 2.68684638 34.62124554 11.00000000
v 2.87661530 34.51519507 11.00000000
v 3.06429128 34.40986385 11.00000000
v 3.24949363 34.30532987 11.00000000
v 3.43702182 34.19856052 11.00000000
v 3.62650398 34.09053836 11.00000000
v 3.81601836 33.98257294 11.00000000
v 4.00556497 33.87466427 11.00000000
v 4.19514381 33.76681233 11.00000000
v 4.38475490 33.65901714 11.00000000
v 4.57439826 33.55127870 11.00000000
v 4.76407389 33.44359699 11.00000000
v 4.95378181 33.33597203 11.00000000
v 5.14352203 33.22840381 11.00000000
v 5.33329456 33.12089233 11.00000000
v 5.52309942 33.01343760 11.00000000
v 5.71293662 32.90603961 11.00000000
v 5.90280617 32.79869836 11.00000000
v 6.09270809 32.69141385 11.00000000
v 6.28264239 32.58418609 11.00000000
v 6.47260908 32.47701507 11.00000000
v 6.66260817 32.36990079 11.00000000
v 6.85263967 32.26284325 11.00000000
v 7.04270361 32.15584246 11.00000000
v 7.23279998 32.04889841 11.00000000
v 7.42292881 31.94201110 11.00000000
v 7.61309011 31.83518054 11.00000000
v 7.80328389 31.72840671 11.00000000
v 7.99351016 31.62168963 11.00000000
v 8.18376894 31.51502930 11.00000000
v 8.37406023 31.40842570 11.00000000
v 8.56438405 31.30187885 11.00000000
v 8.75474042 31.19538874 11.00000000
v 8.94512935 31.08895538 11.00000000
v 9.13555084 30.98257875 11.00000000
v 9.32600492 30.87625887 11.00000000
v 9.51649159 30.76999573 11.00000000
v 9.70701087 30.66378934 11.00000000
v 9.89756276 30.55763968 11.00000000
v 10.08814729 30.45154677 11.00000000
v 10.27876447 30.34551061 11.00000000
v 10.46941431 30.23953118 11.00000000
v 10.66009681 30.13360850 11.00000000
v 10.85081200 30.02774256 11.00000000
v 11.04155989 29.92193336 11.00000000
v 11.23234049 29.81618091 11.00000000
v 11.42315381 29.71048520 11.00000000
v 11.29028248 29.62561669 11.00000000
v 11.11853365 29.53844069 11.00000000
v 10.94135875 29.44693845 11.00000000
v 10.75924468 29.35145548 11.00000000
v 10.57267838 29.25233728 11.00000000
v 10.38214674 29.14992936 11.00000000
v 10.18813669 29.04457723 11.00000000
v 9.99113515 28.93662639 11.00000000
v 9.79162901 28.82642236 11.00000000
v 9.59010521 28.71431064 11.00000000
v 9.38705066 28.60063673 11.00000000
v 9.18295227 28.48574616 11.00000000
v 8.97829695 28.36998441 11.00000000
v 8.77357162 28.25369701 11.00000000
v 8.56926320 28.13722945 11.00000000
v 8.36585860 28.02092725 11.00000000
v 8.16384473 27.90513591 11.00000000
v 7.96370852 27.79020095 11.00000000
v 7.76593687 27.67646786 11.00000000
v 7.57101669 27.56428216 11.00000000
v 7.37943492 27.45398935 11.00000000
v 7.19167845 27.34593494 11.00000000
v 7.00823421 27.24046444 11.00000000
v 6.82958911 27.13792336 11.00000000
v 6.65623006 27.03865719 11.00000000
v 6.48864398 26.94301146 11.00000000
v 6.31474198 26.84478622 11.00000000
v 6.12441955 26.73823900 11.00000000
v 5.93409713 26.63169178 11.00000000
v 5.74377471 26.52514456 11.00000000
v 5.55345229 26.41859734 11.00000000
v 5.36312987 26.31205012 11.00000000
v 5.17280745 26.20550291 11.00000000
v 4.98248502 26.09895569 11.00000000
v 4.79216260 25.99240847 11.00000000
v 4.60184018 25.88586125 11.00000000
v 4.41151776 25.77931403 11.00000000
v 4.22119534 25.67276681 11.00000000
v 4.03087292 25.56621959 11.00000000
v 3.84055049 25.45967237 11.00000000
v 3.65022807 25.35312515 11.00000000
v 3.45990565 25.24657793 11.00000000
v 3.26958323 25.14003072 11.00000000
v 3.07926081 25.03348350 11.00000000
v 2.88893839 24.92693628 11.00000000
v 2.69861596 24.82038906 11.00000000
v 2.50829354 24.71384184 11.00000000
v 2.31797112 24.60729462 11.00000000
v 2.12764870 24.50074740 11.00000000
v 1.93732628 24.39420018 11.00000000
v 1.74700386 24.28765296 11.00000000
v 1.55668143 24.18110574 11.00000000
v 1.36635901 24.07455852 11.00000000
v 1.17603659 23.96801131 11.00000000
v 0.98571417 23.86146409 11.00000000
v 0.79539175 23.75491687 11.00000000
v 0.60506933 23.64836965 11.00000000
v 0.41474691 23.54182243 11.00000000
v 0.22442448 23.43527521 11.00000000
v 0.04614625 23.33579227 11.00000000
v 0.02979858 23.34149558 11.00000000
v -0.00267323 23.35647583 11.00000000
v -0.05074049 23.38043074 11.00000000
v -0.11387452 23.41305802 11.00000000
v -0.19154667 23.45405536 11.00000000
v -0.28322824 23.50312048 11.00000000
v -0.38839056 23.55995109 11.00000000
v -0.50650497 23.62424489 11.00000000
v -0.63704279 23.69569960 11.00000000
v -0.77947533 23.77401291 11.00000000
v -0.93327394 23.85888253 11.00000000
v -1.09790992 23.95000618 11.00000000
v -1.27285462 24.04708157 11.00000000
v -1.45757934 24.14980639 11.00000000
v -1.65155543 24.25787836 11.00000000
v -1.85425420 24.37099518 11.00000000
v -2.06514697 24.48885457 11.00000000
v -2.28370509 24.61115422 11.00000000
v -2.50939986 24.73759186 11.00000000
v -2.74170262 24.86786517 11.00000000
v -2.98008469 25.00167189 11.00000000
v -3.22401739 25.13870970 11.00000000
v -3.47297206 25.27867632 11.00000000
v -3.72642002 25.42126945 11.00000000
v -3.98383258 25.56618681 11.00000000
v -4.24468109 25.71312610 11.00000000
v -4.50843686 25.86178503 11.00000000
v -4.77457121 26.01186131 11.00000000
v -5.04255548 26.16305264 11.00000000
v -5.31186099 26.31505673 11.00000000
v -5.58195907 26.46757130 11.00000000
v -5.85232103 26.62029404 11.00000000
v -6.12241821 26.77292266 11.00000000
v -6.39172194 26.92515488 11.00000000
v -6.65970352 27.07668839 11.00000000
v -6.92583430 27.22722092 11.00000000
v -7.18958560 27.37645016 11.00000000
v -7.45042874 27.52407382 11.00000000
v -7.70783505 27.66978962 11.00000000
v -7.96127585 27.81329525 11.00000000
v -8.21022247 27.95428843 11.00000000
v -8.45414623 28.09246686 11.00000000
v -8.69251846 28.22752826 11.00000000
v -8.92481049 28.35917032 11.00000000
v -9.15049364 28.48709077 11.00000000
v -9.36903923 28.61098729 11.00000000
v -9.57991860 28.73055761 11.00000000
v -9.78260306 28.84549943 11.00000000
v -9.97656394 28.95551045 11.00000000
v -10.16127257 29.06028839 11.00000000
v -10.33620027 29.15953096 11.00000000
v -10.50081837 29.25293585 11.00000000
v -10.65459820 29.34020078 11.00000000
v -10.79701107 29.42102346 11.00000000
v -10.92752832 29.49510159 11.00000000
v -11.04562126 29.56213288 11.00000000
v -11.15076123 29.62181504 11.00000000
v -11.24241956 29.67384578 11.00000000
v -11.32006755 29.71792280 11.00000000
v -11.38317655 29.75374382 11.00000000
v -11.20399111 29.85265821 11.00000000
v -11.01238360 29.95544481 11.00000000
v -10.82082196 30.05850826 11.00000000
v -10.62930481 30.16183718 11.00000000
v -10.43783078 30.26542016 11.00000000
v -10.24639852 30.36924581 11.00000000
v -10.05500665 30.47330274 11.00000000
v -9.86365382 30.57757954 11.00000000
v -9.67233865 30.68206483 11.00000000
v -9.48105979 30.78674721 11.00000000
v -9.28981586 30.89161529 11.00000000
v -9.09860550 30.99665766 11.00000000
v -8.90742735 31.10186294 11.00000000
v -8.71628004 31.20721973 11.00000000
v -8.52516220 31.31271663 11.00000000
v -8.33407247 31.41834225 11.00000000
v -8.14300949 31.52408519 11.00000000
v -7.95197189 31.62993406 11.00000000
v -7.76095830 31.73587746 11.00000000
v -7.56996736 31.84190400 11.00000000
v -7.37899770 31.94800228 11.00000000
v -7.18804796 32.05416091 11.00000000
v -6.99711677 32.16036849 11.00000000
v -6.80620277 32.26661362 11.00000000
v -6.61530459 32.37288492 11.00000000
v -6.42442087 32.47917098 11.00000000
v -6.23355025 32.58546041 11.00000000
v -6.04269134 32.69174181 11.00000000
v -5.85184280 32.79800380 11.00000000
v -5.66100326 32.90423497 11.00000000
v -5.47017134 33.01042393 11.00000000
v -5.27934569 33.11655928 11.00000000
v -5.08852494 33.22262963 11.00000000
v -4.89770773 33.32862359 11.00000000
v -4.70689268 33.43452975 11.00000000
v -4.51607844 33.54033673 11.00000000
v -4.32526364 33.64603313 11.00000000
v -4.13444691 33.75160754 11.00000000
v -3.94362689 33.85704859 11.00000000
v -3.75280221 33.96234487 11.00000000
v -3.56197151 34.06748498 11.00000000
v -3.37113343 34.17245753 11.00000000
v -3.18028659 34.27725114 11.00000000
v -2.98942963 34.38185439 11.00000000
v -2.79856119 34.48625590 11.00000000
v -2.61461179 34.58663115 11.00000000
v -2.42991605 34.68718966 11.00000000
v -2.24094589 34.79014189 11.00000000
v -2.04862600 34.89528322 11.00000000
v -1.85388106 35.00240904 11.00000000
v -1.65763575 35.11131477 11.00000000
v -1.46081476 35.22179578 11.00000000
v -1.26434275 35.33364748 11.00000000
v -1.06914441 35.44666526 11.00000000
v -0.87614443 35.56064451 11.00000000
v -0.68626748 35.67538063 11.00000000
v -0.50043824 35.79066901 11.00000000
v -0.31958141 35.90630505 11.00000000
v -0.14462164 36.02208414 11.00000000
v 13.48197449 -9.11755051 11.00000000
v 13.63113750 -9.23023822 11.00000000
v 13.73628390 -9.42565187 11.00000000
v 13.84993427 -9.66202143 11.00000000
v 13.96507697 -9.91677157 11.00000000
v 14.07470039 -10.16732700 11.00000000
v 14.17179288 -10.39111238 11.00000000
v 14.25808649 -10.58618708 11.00000000
v 14.35686121 -10.80738093 11.00000000
v 14.45617957 -11.02830779 11.00000000
v 14.55603909 -11.24897262 11.00000000
v 14.65643730 -11.46938037 11.00000000
v 14.75737171 -11.68953602 11.00000000
v 14.85883985 -11.90944450 11.00000000
v 14.96083924 -12.12911079 11.00000000
v 15.06336740 -12.34853983 11.00000000
v 15.16642185 -12.56773659 11.00000000
v 15.27000012 -12.78670602 11.00000000
v 15.37393536 -13.00540200 11.00000000
v 15.47743739 -13.22398589 11.00000000
v 15.58066985 -13.44273441 11.00000000
v 15.68364265 -13.66164154 11.00000000
v 15.78636569 -13.88070130 11.00000000
v 15.88884890 -14.09990767 11.00000000
v 15.99110218 -14.31925466 11.00000000
v 16.09313544 -14.53873627 11.00000000
v 16.19495859 -14.75834649 11.00000000
v 16.29658155 -14.97807932 11.00000000
v 16.39801422 -15.19792877 11.00000000
v 16.49926651 -15.41788883 11.00000000
v 16.60034834 -15.63795351 11.00000000
v 16.70126962 -15.85811679 11.00000000
v 16.80204026 -16.07837269 11.00000000
v 16.90267016 -16.29871519 11.00000000
v 17.00316924 -16.51913830 11.00000000
v 17.10354742 -16.73963602 11.00000000
v 17.20381459 -16.96020235 11.00000000
v 17.30398068 -17.18083128 11.00000000
v 17.40405559 -17.40151682 11.00000000
v 17.50404923 -17.62225296 11.00000000
v 17.60397152 -17.84303371 11.00000000
v 17.70383236 -18.06385306 11.00000000
v 17.80364167 -18.28470500 11.00000000
v 17.90340935 -18.50558355 11.00000000
v 18.00314532 -18.72648270 11.00000000
v 18.10285949 -18.94739645 11.00000000
v 18.20256177 -19.16831880 11.00000000
v 18.30226207 -19.38924375 11.00000000
v 18.40197030 -19.61016529 11.00000000
v 18.50169638 -19.83107742 11.00000000
v 18.60145020 -20.05197415 11.00000000
v 18.70124169 -20.27284948 11.00000000
v 18.80108075 -20.49369740 11.00000000
v 18.90097730 -20.71451191 11.00000000
v 19.00094124 -20.93528701 11.00000000
v 19.10098249 -21.15601670 11.00000000
v 19.20111096 -21.37669498 11.00000000
v 19.30133656 -21.59731585 11.00000000
v 19.40166919 -21.81787331 11.00000000
v 19.50211878 -22.03836135 11.00000000
v 19.60269522 -22.25877398 11.00000000
v 19.70340844 -22.47910520 11.00000000
v 19.80426834 -22.69934900 11.00000000
v 19.90528483 -22.91949938 11.00000000
v 20.00646783 -23.13955035 11.00000000
v 20.10782724 -23.35949590 11.00000000
v 20.20937298 -23.57933003 11.00000000
v 20.31111496 -23.79904674 11.00000000
v 20.41306308 -24.01864003 11.00000000
v 20.51522726 -24.23810390 11.00000000
v 20.61761741 -24.45743234 11.00000000
v 20.72024344 -24.67661936 11.00000000
v 20.82301857 -24.89545815 11.00000000
v 20.92513937 -25.11259446 11.00000000
v 21.02780095 -25.33110265 11.00000000
v 21.13068901 -25.55077449 11.00000000
v 21.23348922 -25.77140171 11.00000000
v 21.33588729 -25.99277606 11.00000000
v 21.43756889 -26.21468928 11.00000000
v 21.53821972 -26.43693312 11.00000000
v 21.63752547 -26.65929932 11.00000000
v 21.73517181 -26.88157963 11.00000000
v 21.83084445 -27.10356579 11.00000000
v 21.92422908 -27.32504955 11.00000000
v 21.99051461 -27.51864578 11.00000000
v 21.77747567 -27.40339889 11.00000000
v 21.56443673 -27.28815200 11.00000000
v 21.35139779 -27.17290511 11.00000000
v 21.13835885 -27.05765822 11.00000000
v 20.92531991 -26.94241133 11.00000000
v 20.71228098 -26.82716444 11.00000000
v 20.49924204 -26.71191755 11.00000000
v 20.28620310 -26.59667067 11.00000000
v 20.07316416 -26.48142378 11.00000000
v 19.86012522 -26.36617689 11.00000000
v 19.64708628 -26.25093000 11.00000000
v 19.43404734 -26.13568311 11.00000000
v 19.22100840 -26.02043622 11.00000000
v 19.00796946 -25.90518933 11.00000000
v 18.79493052 -25.78994244 11.00000000
v 18.58189158 -25.67469555 11.00000000
v 18.36885264 -25.55944866 11.00000000
v 18.15581370 -25.44420177 11.00000000
v 17.94277476 -25.32895488 11.00000000
v 17.72973582 -25.21370799 11.00000000
v 17.51669688 -25.09846110 11.00000000
v 17.30365794 -24.98321421 11.00000000
v 17.09061900 -24.86796732 11.00000000
v 16.87758006 -24.75272043 11.00000000
v 16.66454112 -24.63747354 11.00000000
v 16.45150218 -24.52222665 11.00000000
v 16.23846324 -24.40697976 11.00000000
v 16.02542430 -24.29173287 11.00000000
v 15.81238536 -24.17648598 11.00000000
v 15.59934642 -24.06123909 11.00000000
v 15.38630748 -23.94599220 11.00000000
v 15.17326854 -23.83074531 11.00000000
v 14.96022960 -23.71549842 11.00000000
v 14.74719066 -23.60025153 11.00000000
v 14.53415172 -23.48500464 11.00000000
v 14.32111278 -23.36975775 11.00000000
v 14.10816932 -23.25433708 11.00000000
v 13.89664942 -23.13632535 11.00000000
v 13.68512952 -23.01831363 11.00000000
v 13.47360962 -22.90030190 11.00000000
v 13.26208972 -22.78229017 11.00000000
v 13.05056982 -22.66427845 11.00000000
v 12.83904992 -22.54626672 11.00000000
v 12.62753002 -22.42825499 11.00000000
v 12.41601012 -22.31024327 11.00000000
v 12.20449022 -22.19223154 11.00000000
v 11.99297032 -22.07421981 11.00000000
v 11.78145043 -21.95620809 11.00000000
v 11.56993053 -21.83819636 11.00000000
v 11.35841063 -21.72018463 11.00000000
v 11.14689073 -21.60217291 11.00000000
v 10.93537083 -21.48416118 11.00000000
v 10.72385093 -21.36614945 11.00000000
v 10.51233103 -21.24813773 11.00000000
v 10.30081113 -21.13012600 11.00000000
v 10.08929123 -21.01211427 11.00000000
v 9.87777133 -20.89410255 11.00000000
v 9.66625143 -20.77609082 11.00000000
v 9.45473153 -20.65807909 11.00000000
v 9.24321163 -20.54006737 11.00000000
v 9.03169173 -20.42205564 11.00000000
v 8.82017183 -20.30404391 11.00000000
v 8.60865193 -20.18603219 11.00000000
v 8.39713204 -20.06802046 11.00000000
v 8.18561214 -19.95000873 11.00000000
v 7.97409224 -19.83199701 11.00000000
v 7.76257234 -19.71398528 11.00000000
v 7.55105244 -19.59597355 11.00000000
v 7.33953254 -19.47796183 11.00000000
v 7.12801264 -19.35995010 11.00000000
v 6.91649274 -19.24193837 11.00000000
v 6.70497284 -19.12392665 11.00000000
v 6.50622317 -19.01376034 11.00000000
v 6.32308724 -18.91411203 11.00000000
v 6.13134189 -18.81039139 11.00000000
v 5.93180076 -18.70292532 11.00000000
v 5.72527752 -18.59204072 11.00000000
v 5.51258580 -18.47806449 11.00000000
v 5.29453925 -18.36132353 11.00000000
v 5.07195153 -18.24214473 11.00000000
v 4.84563629 -18.12085501 11.00000000
v 4.61640716 -17.99778126 11.00000000
v 4.38507780 -17.87325038 11.00000000
v 4.15246186 -17.74758927 11.00000000
v 3.91937299 -17.62112483 11.00000000
v 3.68662483 -17.49418396 11.00000000
v 3.45503104 -17.36709357 11.00000000
v 3.22540526 -17.24018055 11.00000000
v 2.99856113 -17.11377180 11.00000000
v 2.77531232 -16.98819423 11.00000000
v 2.55647247 -16.86377473 11.00000000
v 2.34285522 -16.74084020 11.00000000
v 2.13527423 -16.61971755 11.00000000
v 1.93454315 -16.50073368 11.00000000
v 1.74147561 -16.38421548 11.00000000
v 1.55688528 -16.27048985 11.00000000
v 1.38158580 -16.15988370 11.00000000
v 1.26217451 -16.05102408 11.00000000
v 1.45728099 -15.93145224 11.00000000
v 1.66076160 -15.81045169 11.00000000
v 1.87084451 -15.68848823 11.00000000
v 2.08575788 -15.56602765 11.00000000
v 2.30372990 -15.44353577 11.00000000
v 2.52298873 -15.32147838 11.00000000
v 2.74176254 -15.20032128 11.00000000
v 2.95827950 -15.08053026 11.00000000
v 3.17076778 -14.96257114 11.00000000
v 3.37745556 -14.84690970 11.00000000
v 3.57978975 -14.73230775 11.00000000
v 3.79042016 -14.61271565 11.00000000
v 4.00105056 -14.49312355 11.00000000
v 4.21168096 -14.37353146 11.00000000
v 4.42231136 -14.25393936 11.00000000
v 4.63294176 -14.13434726 11.00000000
v 4.84357216 -14.01475517 11.00000000
v 5.05420256 -13.89516307 11.00000000
v 5.26483297 -13.77557098 11.00000000
v 5.47546337 -13.65597888 11.00000000
v 5.68609377 -13.53638678 11.00000000
v 5.89672417 -13.41679469 11.00000000
v 6.10735457 -13.29720259 11.00000000
v 6.31798497 -13.17761050 11.00000000
v 6.52861537 -13.05801840 11.00000000
v 6.73924578 -12.93842630 11.00000000
v 6.94987618 -12.81883421 11.00000000
v 7.16050658 -12.69924211 11.00000000
v 7.37113698 -12.57965001 11.00000000
v 7.58176738 -12.46005792 11.00000000
v 7.79239778 -12.34046582 11.00000000
v 8.00302818 -12.22087373 11.00000000
v 8.21365859 -12.10128163 11.00000000
v 8.41285986 -11.98868061 11.00000000
v 8.61353981 -11.87442245 11.00000000
v 8.81761721 -11.75737778 11.00000000
v 9.02475366 -11.63786288 11.00000000
v 9.23461076 -11.51619401 11.00000000
v 9.44685014 -11.39268745 11.00000000
v 9.66113341 -11.26765948 11.00000000
v 9.87712217 -11.14142638 11.00000000
v 10.09447804 -11.01430443 11.00000000
v 10.31286264 -10.88660989 11.00000000
v 10.53193757 -10.75865906 11.00000000
v 10.75136445 -10.63076819 11.00000000
v 10.97080488 -10.50325358 11.00000000
v 11.18992049 -10.37643150 11.00000000
v 11.40837288 -10.25061822 11.00000000
v 11.62582366 -10.12613002 11.00000000
v 11.84193445 -10.00328318 11.00000000
v 12.05636686 -9.88239397 11.00000000
v 12.26878250 -9.76377867 11.00000000
v 12.47884299 -9.64775356 11.00000000
v 12.68620993 -9.53463491 11.00000000
v 12.89054493 -9.42473901 11.00000000
v 13.09150962 -9.31838212 11.00000000
v 13.28876560 -9.21588053 11.00000000
f 1155 1154 1264
f 1161 1160 1159
f 1163 1162 1161
f 1177 1176 1175
f 1179 1178 1177
f 1181 1180 1179
f 1183 1182 1181
f 1185 1184 1183
f 1187 1186 1185
f 1189 1188 1187
f 1191 1190 1189
f 1193 1192 1191
f 964 963 962
f 966 965 964
f 968 967 966
f 970 969 968
f 972 971 970
f 974 973 972
f 976 975 974
f 978 977 976
f 980 979 978
f 982 981 980
f 984 983 982
f 1016 1015 1014
f 1018 1017 1016
f 1021 1020 1019
f 1024 1023 1022
f 1028 1027 1026
f 1030 1029 1028
f 1032 1031 1030
f 1034 1033 1032
f 1037 1036 1035
f 1039 1038 1037
f 1041 1040 1039
f 1043 1042 1041
f 1048 1047 1046
f 1050 1049 1048
f 1052 1051 1050
f 1054 1053 1052
f 1056 1055 1054
f 1058 1057 1056
f 1060 1059 1058
f 1062 1061 1060
f 1064 1063 1062
f 1072 1071 1070
f 1074 1073 1072
f 1076 1075 1074
f 1078 1077 1076
f 1080 1079 1078
f 1084 1083 1082
f 1086 1085 1084
f 1088 1087 1086
f 1090 1089 1088
f 1092 1091 1090
f 1094 1093 1092
f 1106 1105 1104
f 1108 1107 1106
f 1110 1109 1108
f 1112 1111 1110
f 1114 1113 1112
f 1116 1115 1114
f 1118 1117 1116
f 1120 1119 1118
f 1122 1121 1120
f 1124 1123 1122
f 1126 1125 1124
f 1128 1127 1126
f 1130 1129 1128
f 1132 1131 1130
f 1134 1133 1132
f 1136 1135 1134
f 1138 1137 1136
f 1140 1139 1138
f 1142 1141 1140
f 1144 1143 1142
f 1146 1145 1144
f 1148 1147 1146
f 1150 1149 1148
f 1152 1151 1150
f 1264 1154 1153
f 1266 1265 1264
f 1268 1267 1266
f 1270 1269 1268
f 1272 1271 1270
f 1274 1273 1272
f 1276 1275 1274
f 1278 1277 1276
f 1280 1279 1278
f 1282 1281 1280
f 1305 1304 1303
f 1307 1306 1305
f 1309 1308 1307
f 1311 1310 1309
f 1313 1312 1311
f 1315 1314 1313
f 1317 1316 1315
f 1319 1318 1317
f 1332 1331 1330
f 1334 1333 1332
f 1336 1335 1334
f 1370 1369 1368
f 1372 1371 1370
f 1374 1373 1372
f 1376 1375 1374
f 1378 1377 1376
f 1380 1379 1378
f 768 767 1380
f 771 770 769
f 773 772 771
f 775 774 773
f 777 776 775
f 779 778 777
f 781 780 779
f 788 787 786
f 790 789 788
f 792 791 790
f 795 794 793
f 797 796 795
f 1863 798 797
f 1872 1871 1870
f 1874 1873 1872
f 1877 1876 1875
f 1882 1881 1880
f 1885 1884 1883
f 1887 1886 1885
f 1890 1889 1888
f 1893 1892 1891
f 1896 1895 1894
f 1898 1897 1896
f 1900 1899 1898
f 1902 1901 1900
f 1904 1903 1902
f 1688 1687 1686
f 1690 1689 1688
f 1692 1691 1690
f 1694 1693 1692
f 1696 1695 1694
f 1698 1697 1696
f 1729 1728 1727
f 1731 1730 1729
f 1733 1732 1731
f 1735 1734 1733
f 1737 1736 1735
f 1739 1738 1737
f 1741 1740 1739
f 1743 1742 1741
f 1745 1744 1743
f 1747 1746 1745
f 1749 1748 1747
f 1751 1750 1749
f 1753 1752 1751
f 1767 1766 1765
f 1770 1769 1768
f 1772 1771 1770
f 1774 1773 1772
f 1777 1776 1775
f 1779 1778 1777
f 1781 1780 1779
f 1784 1783 1782
f 1786 1785 1784
f 1789 1788 1787
f 1791 1790 1789
f 1794 1793 1792
f 1796 1795 1794
f 1799 1798 1797
f 1801 1800 1799
f 1804 1803 1802
f 1806 1805 1804
f 1808 1807 1806
f 1810 1809 1808
f 1812 1811 1810
f 1814 1813 1812
f 1816 1815 1814
f 1818 1817 1816
f 1820 1819 1818
f 1824 1823 1822
f 1826 1825 1824
f 1829 1828 1827
f 1832 1831 1830
f 1834 1833 1832
f 1836 1835 1834
f 1838 1837 1836
f 1840 1839 1838
f 1842 1841 1840
f 1844 1843 1842
f 798 1863 1862
f 801 800 799
f 803 802 801
f 807 806 805
f 809 808 807
f 811 810 809
f 813 812 811
f 815 814 813
f 817 816 815
f 819 818 817
f 821 820 819
f 823 822 821
f 827 826 825
f 829 828 827
f 831 830 829
f 843 842 841
f 845 844 843
f 847 846 845
f 852 851 850
f 854 853 852
f 857 856 855
f 860 859 858
f 862 861 860
f 867 866 865
f 869 868 867
f 872 871 870
f 874 873 872
f 877 876 875
f 879 878 877
f 883 882 881
f 885 884 883
f 887 886 885
f 165 888 887
f 160 161 162
f 158 159 160
f 152 153 154
f 149 150 151
f 146 147 148
f 144 145 146
f 141 142 143
f 139 140 141
f 137 138 139
f 134 135 136
f 129 130 131
f 127 128 129
f 125 126 127
f 120 121 122
f 118 119 120
f 116 117 118
f 113 114 115
f 109 110 111
f 107 108 109
f 105 106 107
f 102 103 104
f 99 100 101
f 97 98 99
f 93 94 95
f 91 92 93
f 89 90 91
f 87 88 89
f 85 86 87
f 81 82 83
f 79 80 81
f 40 41 42
f 38 39 40
f 35 36 37
f 30 31 32
f 28 29 30
f 26 27 28
f 24 25 26
f 21 22 23
f 19 20 21
f 15 16 17
f 13 14 15
f 10 11 12
f 8 9 10
f 6 7 8
f 1 2 3
f 239 240 1
f 235 236 237
f 232 233 234
f 227 228 229
f 224 225 226
f 221 222 223
f 218 219 220
f 216 217 218
f 214 215 216
f 212 213 214
f 209 210 211
f 206 207 208
f 204 205 206
f 1621 202 203
f 1624 1623 1622
f 1626 1625 1624
f 1628 1627 1626
f 1630 1629 1628
f 1632 1631 1630
f 1634 1633 1632
f 1636 1635 1634
f 1638 1637 1636
f 1640 1639 1638
f 1642 1641 1640
f 1644 1643 1642
f 1646 1645 1644
f 1648 1647 1646
f 1669 1668 1667
f 1671 1670 1669
f 1673 1672 1671
f 1675 1674 1673
f 1677 1676 1675
f 1679 1678 1677
f 1441 1680 1679
f 1443 1442 1441
f 1445 1444 1443
f 1447 1446 1445
f 1449 1448 1447
f 1451 1450 1449
f 1453 1452 1451
f 1461 1460 1459
f 1463 1462 1461
f 1465 1464 1463
f 1467 1466 1465
f 1469 1468 1467
f 1471 1470 1469
f 1473 1472 1471
f 1475 1474 1473
f 1477 1476 1475
f 1479 1478 1477
f 1481 1480 1479
f 1483 1482 1481
f 1485 1484 1483
f 1487 1486 1485
f 1489 1488 1487
f 1491 1490 1489
f 1493 1492 1491
f 1495 1494 1493
f 1497 1496 1495
f 1499 1498 1497
f 1501 1500 1499
f 1504 1503 1502
f 1506 1505 1504
f 1508 1507 1506
f 1510 1509 1508
f 1512 1511 1510
f 1514 1513 1512
f 1516 1515 1514
f 1518 1517 1516
f 1520 1519 1518
f 1522 1521 1520
f 1530 1529 1528
f 1534 1533 1532
f 1536 1535 1534
f 1539 1538 1537
f 1541 1540 1539
f 1543 1542 1541
f 1545 1544 1543
f 1547 1546 1545
f 1550 1549 1548
f 1552 1551 1550
f 1555 1554 1553
f 1557 1556 1555
f 1620 1619 1618
f 202 1621 1620
f 200 201 202
f 198 199 200
f 397 179 180
f 399 398 397
f 401 400 399
f 403 402 401
f 405 404 403
f 407 406 405
f 409 408 407
f 411 410 409
f 413 412 411
f 423 422 421
f 426 425 424
f 430 429 428
f 435 434 433
f 439 438 437
f 441 440 439
f 446 445 444
f 450 449 448
f 455 454 453
f 458 457 456
f 460 459 458
f 463 462 461
f 466 465 464
f 469 468 467
f 471 470 469
f 473 472 471
f 475 474 473
f 477 476 475
f 480 479 478
f 257 256 255
f 259 258 257
f 261 260 259
f 263 262 261
f 265 264 263
f 267 266 265
f 269 268 267
f 271 270 269
f 273 272 271
f 275 274 273
f 685 278 277
f 694 693 692
f 696 695 694
f 698 697 696
f 708 707 706
f 710 709 708
f 712 711 710
f 714 713 712
f 716 715 714
f 718 717 716
f 720 719 718
f 484 483 482
f 491 490 489
f 493 492 491
f 507 506 505
f 511 510 509
f 514 513 512
f 517 516 515
f 520 519 518
f 523 522 521
f 526 525 524
f 529 528 527
f 532 531 530
f 543 542 541
f 545 544 543
f 547 546 545
f 549 548 547
f 551 550 549
f 553 552 551
f 555 554 553
f 557 556 555
f 559 558 557
f 561 560 559
f 563 562 561
f 565 564 563
f 582 581 580
f 584 583 582
f 586 585 584
f 588 587 586
f 590 589 588
f 592 591 590
f 597 596 595
f 599 598 597
f 611 610 609
f 631 630 629
f 633 632 631
f 635 634 633
f 637 636 635
f 639 638 637
f 641 640 639
f 643 642 641
f 645 644 643
f 647 646 645
f 650 649 648
f 653 652 651
f 655 654 653
f 658 657 656
f 661 660 659
f 663 662 661
f 667 666 665
f 669 668 667
f 672 671 670
f 675 674 673
f 677 676 675
f 679 678 677
f 681 680 679
f 684 683 682
f 278 685 684
f 280 279 278
f 287 286 285
f 289 288 287
f 291 290 289
f 295 294 293
f 297 296 295
f 299 298 297
f 301 300 299
f 305 304 303
f 307 306 305
f 311 310 309
f 314 313 312
f 317 316 315
f 320 319 318
f 323 322 321
f 325 324 323
f 329 328 327
f 331 330 329
f 335 334 333
f 337 336 335
f 339 338 337
f 342 341 340
f 344 343 342
f 346 345 344
f 356 355 354
f 372 371 370
f 374 373 372
f 376 375 374
f 378 377 376
f 380 379 378
f 383 382 381
f 386 385 384
f 388 387 386
f 390 389 388
f 392 391 390
f 395 394 393
f 179 397 396
f 888 165 166
f 891 890 889
f 893 892 891
f 895 894 893
f 897 896 895
f 899 898 897
f 907 906 905
f 911 910 909
f 913 912 911
f 916 915 914
f 918 917 916
f 920 919 918
f 923 922 921
f 925 924 923
f 928 927 926
f 930 929 928
f 935 934 933
f 937 936 935
f 939 938 937
f 942 941 940
f 945 944 943
f 947 946 945
f 1380 767 766
f 1420 1419 1418
f 1422 1421 1420
f 1424 1423 1422
f 1426 1425 1424
f 1428 1427 1426
f 1430 1429 1428
f 1432 1431 1430
f 1434 1433 1432
f 1436 1435 1434
f 1438 1437 1436
f 1440 1439 1438
f 1210 1209 1208
f 1212 1211 1210
f 1214 1213 1212
f 1216 1215 1214
f 1218 1217 1216
f 1220 1219 1218
f 1222 1221 1220
f 1224 1223 1222
f 1226 1225 1224
f 1228 1227 1226
f 1230 1229 1228
f 1232 1231 1230
f 1234 1233 1232
f 1236 1235 1234
f 1238 1237 1236
f 1240 1239 1238
f 1242 1241 1240
f 1244 1243 1242
f 1246 1245 1244
f 1252 1251 1250
f 1254 1253 1252
f 1256 1255 1254
f 1258 1257 1256
f 1260 1259 1258
f 1263 1262 1261
f 1155 1264 1263
f 1161 1159 1158
f 1177 1175 1174
f 1181 1179 1177
f 1185 1183 1181
f 1189 1187 1185
f 1193 1191 1189
f 966 964 962
f 970 968 966
f 974 972 970
f 978 976 974
f 982 980 978
f 985 984 982
f 1018 1016 1014
f 1022 1021 1019
f 1030 1028 1026
f 1034 1032 1030
f 1039 1037 1035
f 1043 1041 1039
f 1050 1048 1046
f 1054 1052 1050
f 1058 1056 1054
f 1062 1060 1058
f 1065 1064 1062
f 1074 1072 1070
f 1078 1076 1074
f 1081 1080 1078
f 1086 1084 1082
f 1090 1088 1086
f 1094 1092 1090
f 1108 1106 1104
f 1112 1110 1108
f 1116 1114 1112
f 1120 1118 1116
f 1124 1122 1120
f 1128 1126 1124
f 1132 1130 1128
f 1136 1134 1132
f 1140 1138 1136
f 1144 1142 1140
f 1148 1146 1144
f 1152 1150 1148
f 1264 1153 1152
f 1268 1266 1264
f 1272 1270 1268
f 1276 1274 1272
f 1280 1278 1276
f 1283 1282 1280
f 1307 1305 1303
f 1311 1309 1307
f 1315 1313 1311
f 1319 1317 1315
f 1334 1332 1330
f 1337 1336 1334
f 1370 1368 1367
f 1374 1372 1370
f 1378 1376 1374
f 768 1380 1378
f 773 771 769
f 777 775 773
f 781 779 777
f 790 788 786
f 793 792 790
f 797 795 793
f 1864 1863 797
f 1872 1870 1869
f 1875 1874 1872
f 1878 1877 1875
f 1883 1882 1880
f 1887 1885 1883
f 1891 1890 1888
f 1894 1893 1891
f 1900 1898 1896
f 1904 1902 1900
f 1688 1686 1685
f 1692 1690 1688
f 1696 1694 1692
f 1699 1698 1696
f 1729 1727 1726
f 1733 1731 1729
f 1737 1735 1733
f 1741 1739 1737
f 1745 1743 1741
f 1749 1747 1745
f 1753 1751 1749
f 1768 1767 1765
f 1772 1770 1768
f 1775 1774 1772
f 1779 1777 1775
f 1784 1782 1781
f 1787 1786 1784
f 1791 1789 1787
f 1794 1792 1791
f 1797 1796 1794
f 1801 1799 1797
f 1806 1804 1802
f 1810 1808 1806
f 1814 1812 1810
f 1818 1816 1814
f 1821 1820 1818
f 1829 1827 1826
f 1838 1836 1834
f 1842 1840 1838
f 1845 1844 1842
f 798 1862 1861
f 803 801 799
f 809 807 805
f 813 811 809
f 819 817 815
f 824 823 821
f 829 827 825
f 832 831 829
f 845 843 841
f 855 854 852
f 858 857 855
f 869 867 865
f 874 872 870
f 883 881 880
f 887 885 883
f 164 165 887
f 160 162 163
f 157 158 160
f 152 154 155
f 148 149 151
f 144 146 148
f 139 141 143
f 136 137 139
f 127 129 131
f 120 122 123
f 116 118 120
f 112 113 115
f 107 109 111
f 104 105 107
f 101 102 104
f 96 97 99
f 91 93 95
f 87 89 91
f 84 85 87
f 79 81 83
f 40 42 43
f 37 38 40
f 34 35 37
f 28 30 32
f 23 24 26
f 18 19 21
f 13 15 17
f 8 10 12
f 5 6 8
f 239 1 3
f 231 232 234
f 226 227 229
f 223 224 226
f 220 221 223
f 214 216 218
f 209 211 212
f 1621 203 204
f 1626 1624 1622
f 1630 1628 1626
f 1634 1632 1630
f 1638 1636 1634
f 1642 1640 1638
f 1646 1644 1642
f 1649 1648 1646
f 1671 1669 1667
f 1675 1673 1671
f 1679 1677 1675
f 1445 1443 1441
f 1449 1447 1445
f 1453 1451 1449
f 1463 1461 1459
f 1467 1465 1463
f 1471 1469 1467
f 1475 1473 1471
f 1479 1477 1475
f 1483 1481 1479
f 1487 1485 1483
f 1491 1489 1487
f 1495 1493 1491
f 1499 1497 1495
f 1506 1504 1502
f 1510 1508 1506
f 1514 1512 1510
f 1518 1516 1514
f 1522 1520 1518
f 1531 1530 1528
f 1536 1534 1532
f 1541 1539 1537
f 1547 1545 1543
f 1553 1552 1550
f 1558 1557 1555
f 202 1620 1618
f 198 200 202
f 397 180 181
f 401 399 397
f 405 403 401
f 409 407 405
f 413 411 409
f 427 426 424
f 431 430 428
f 435 433 432
f 442 441 439
f 446 444 443
f 451 450 448
f 456 455 453
f 461 460 458
f 471 469 467
f 477 475 473
f 241 480 478
f 259 257 255
f 263 261 259
f 267 265 263
f 271 269 267
f 275 273 271
f 685 277 276
f 696 694 692
f 708 706 705
f 712 710 708
f 716 714 712
f 720 718 716
f 485 484 482
f 493 491 489
f 507 505 504
f 512 511 509
f 515 514 512
f 518 517 515
f 521 520 518
f 524 523 521
f 527 526 524
f 530 529 527
f 533 532 530
f 545 543 541
f 549 547 545
f 553 551 549
f 557 555 553
f 561 559 557
f 565 563 561
f 584 582 580
f 588 586 584
f 592 590 588
f 599 597 595
f 611 609 608
f 631 629 628
f 637 635 633
f 641 639 637
f 645 643 641
f 648 647 645
f 651 650 648
f 656 655 653
f 659 658 656
f 664 663 661
f 667 665 664
f 670 669 667
f 675 673 672
f 681 679 677
f 278 684 682
f 281 280 278
f 291 289 287
f 295 293 292
f 299 297 295
f 302 301 299
f 308 307 305
f 311 309 308
f 314 312 311
f 318 317 315
f 321 320 318
f 325 323 321
f 329 327 326
f 335 333 332
f 340 339 337
f 344 342 340
f 347 346 344
f 357 356 354
f 372 370 369
f 376 374 372
f 380 378 376
f 384 383 381
f 392 390 388
f 395 393 392
f 179 396 395
f 888 166 167
f 893 891 889
f 897 895 893
f 908 907 905
f 911 909 908
f 914 913 911
f 920 918 916
f 925 923 921
f 928 926 925
f 931 930 928
f 935 933 932
f 939 937 935
f 947 945 943
f 1380 766 765
f 1422 1420 1418
f 1426 1424 1422
f 1430 1428 1426
f 1434 1432 1430
f 1438 1436 1434
f 1201 1440 1438
f 1212 1210 1208
f 1216 1214 1212
f 1220 1218 1216
f 1224 1222 1220
f 1228 1226 1224
f 1232 1230 1228
f 1236 1234 1232
f 1240 1238 1236
f 1244 1242 1240
f 1252 1250 1249
f 1256 1254 1252
f 1260 1258 1256
f 1155 1263 1261
f 1163 1161 1158
f 1181 1177 1174
f 1189 1185 1181
f 1194 1193 1189
f 970 966 962
f 978 974 970
f 985 982 978
f 1024 1022 1019
f 1030 1026 1025
f 1043 1039 1035
f 1054 1050 1046
f 1062 1058 1054
f 1074 1070 1069
f 1081 1078 1074
f 1090 1086 1082
f 1095 1094 1090
f 1108 1104 1103
f 1116 1112 1108
f 1124 1120 1116
f 1132 1128 1124
f 1140 1136 1132
f 1148 1144 1140
f 1268 1264 1152
f 1276 1272 1268
f 1283 1280 1276
f 1307 1303 1302
f 1315 1311 1307
f 1320 1319 1315
f 1334 1330 1329
f 1338 1337 1334
f 1374 1370 1367
f 768 1378 1374
f 777 773 769
f 782 781 777
f 793 790 786
f 1864 797 793
f 1875 1872 1869
f 1879 1878 1875
f 1887 1883 1880
f 1894 1891 1888
f 1900 1896 1894
f 1905 1904 1900
f 1692 1688 1685
f 1699 1696 1692
f 1733 1729 1726
f 1741 1737 1733
f 1749 1745 1741
f 1754 1753 1749
f 1772 1768 1765
f 1779 1775 1772
f 1794 1791 1787
f 1810 1806 1802
f 1821 1818 1814
f 1829 1826 1824
f 1838 1834 1832
f 1845 1842 1838
f 798 1861 1860
f 804 803 799
f 809 805 804
f 815 813 809
f 821 819 815
f 829 825 824
f 847 845 841
f 855 852 850
f 869 865 864
f 875 874 870
f 887 883 880
f 163 164 887
f 157 160 163
f 152 155 156
f 143 144 148
f 134 136 139
f 120 123 124
f 115 116 120
f 101 104 107
f 87 91 95
f 79 83 84
f 40 43 44
f 34 37 40
f 26 28 32
f 21 23 26
f 17 18 21
f 4 5 8
f 239 3 4
f 223 226 229
f 218 220 223
f 212 214 218
f 208 209 212
f 1621 204 206
f 1630 1626 1622
f 1638 1634 1630
f 1646 1642 1638
f 1671 1667 1666
f 1679 1675 1671
f 1449 1445 1441
f 1454 1453 1449
f 1467 1463 1459
f 1475 1471 1467
f 1483 1479 1475
f 1491 1487 1483
f 1499 1495 1491
f 1510 1506 1502
f 1518 1514 1510
f 1523 1522 1518
f 1537 1536 1532
f 1548 1547 1543
f 1553 1550 1548
f 1559 1558 1555
f 202 1618 1617
f 197 198 202
f 397 181 182
f 405 401 397
f 413 409 405
f 427 424 423
f 435 432 431
f 442 439 437
f 447 446 443
f 452 451 448
f 458 456 453
f 463 461 458
f 471 467 466
f 478 477 473
f 259 255 254
f 267 263 259
f 275 271 267
f 685 276 275
f 696 692 691
f 712 708 705
f 720 716 712
f 493 489 488
f 507 504 503
f 521 518 515
f 530 527 524
f 545 541 540
f 553 549 545
f 561 557 553
f 584 580 579
f 592 588 584
f 599 595 594
f 612 611 608
f 631 628 627
f 641 637 633
f 648 645 641
f 653 651 648
f 659 656 653
f 664 661 659
f 672 670 667
f 682 681 677
f 281 278 682
f 292 291 287
f 299 295 292
f 303 302 299
f 308 305 303
f 315 314 311
f 325 321 318
f 329 326 325
f 335 332 331
f 344 340 337
f 376 372 369
f 381 380 376
f 386 384 381
f 392 388 386
f 179 395 392
f 888 167 168
f 897 893 889
f 911 908 905
f 916 914 911
f 921 920 916
f 928 925 921
f 932 931 928
f 940 939 935
f 948 947 943
f 1380 765 764
f 1422 1418 1417
f 1430 1426 1422
f 1438 1434 1430
f 1212 1208 1207
f 1220 1216 1212
f 1228 1224 1220
f 1236 1232 1228
f 1244 1240 1236
f 1256 1252 1249
f 1155 1261 1260
f 1163 1158 1157
f 1181 1174 1173
f 1194 1189 1181
f 978 970 962
f 986 985 978
f 1024 1019 1018
f 1030 1025 1024
f 1044 1043 1035
f 1062 1054 1046
f 1081 1074 1069
f 1095 1090 1082
f 1116 1108 1103
f 1132 1124 1116
f 1148 1140 1132
f 1283 1276 1268
f 1315 1307 1302
f 1338 1334 1329
f 1374 1367 1366
f 769 768 1374
f 782 777 769
f 1864 793 786
f 1875 1869 1868
f 1880 1879 1875
f 1888 1887 1880
f 1900 1894 1888
f 1906 1905 1900
f 1699 1692 1685
f 1733 1726 1725
f 1749 1741 1733
f 1755 1754 1749
f 1781 1779 1772
f 1797 1794 1787
f 1814 1810 1802
f 1822 1821 1814
f 1830 1829 1824
f 1838 1832 1830
f 1846 1845 1838
f 798 1860 1859
f 809 804 799
f 821 815 809
f 829 824 821
f 848 847 841
f 858 855 850
f 869 864 863
f 875 870 869
f 887 880 879
f 157 163 887
f 139 143 148
f 120 124 125
f 112 115 120
f 101 107 111
f 87 95 96
f 79 84 87
f 40 44 45
f 33 34 40
f 21 26 32
f 13 17 21
f 239 4 8
f 208 212 218
f 1621 206 208
f 1638 1630 1622
f 1649 1646 1638
f 1679 1671 1666
f 1454 1449 1441
f 1467 1459 1458
f 1483 1475 1467
f 1499 1491 1483
f 1518 1510 1502
f 1548 1543 1541
f 1555 1553 1548
f 202 1617 1616
f 196 197 202
f 397 182 183
f 413 405 397
f 428 427 423
f 436 435 431
f 442 437 436
f 452 448 447
f 458 453 452
f 473 471 466
f 267 259 254
f 685 275 267
f 698 696 691
f 712 705 704
f 481 720 712
f 494 493 488
f 508 507 503
f 524 521 515
f 553 545 540
f 565 561 553
f 592 584 579
f 600 599 594
f 613 612 608
f 633 631 627
f 653 648 641
f 667 664 659
f 675 672 667
f 682 677 675
f 282 281 682
f 299 292 287
f 311 308 303
f 318 315 311
f 331 329 325
f 337 335 331
f 347 344 337
f 376 369 368
f 392 386 381
f 178 179 392
f 888 168 169
f 899 897 889
f 928 921 916
f 935 932 928
f 942 940 935
f 948 943 942
f 1380 764 763
f 1430 1422 1417
f 1201 1438 1430
f 1220 1212 1207
f 1236 1228 1220
f 1246 1244 1236
f 1256 1249 1248
f 1155 1260 1256
f 1164 1163 1157
f 1194 1181 1173
f 986 978 962
f 1030 1024 1018
f 1045 1044 1035
f 1062 1046 1045
f 1081 1069 1068
f 1096 1095 1082
f 1132 1116 1103
f 1152 1148 1132
f 1284 1283 1268
f 1315 1302 1301
f 1338 1329 1328
f 769 1374 1366
f 783 782 769
f 1864 786 785
f 1880 1875 1868
f 1900 1888 1880
f 1907 1906 1900
f 1699 1685 1684
f 1733 1725 1724
f 1755 1749 1733
f 1784 1781 1772
f 1824 1822 1814
f 1838 1830 1824
f 1847 1846 1838
f 798 1859 1858
f 829 821 809
f 849 848 841
f 877 875 869
f 887 879 877
f 156 157 887
f 120 125 127
f 111 112 120
f 99 101 111
f 79 87 96
f 40 45 46
f 32 33 40
f 239 8 12
f 208 218 223
f 1622 1621 208
f 1649 1638 1622
f 1679 1666 1665
f 1455 1454 1441
f 1483 1467 1458
f 1501 1499 1483
f 1523 1518 1502
f 1548 1541 1537
f 1559 1555 1548
f 202 1616 1615
f 195 196 202
f 397 183 184
f 414 413 397
f 436 431 428
f 443 442 436
f 452 447 443
f 463 458 452
f 473 466 464
f 267 254 253
f 686 685 267
f 699 698 691
f 712 704 703
f 495 494 488
f 508 503 502
f 553 540 539
f 592 579 578
f 600 594 593
f 614 613 608
f 633 627 626
f 659 653 641
f 682 675 667
f 283 282 682
f 299 287 285
f 311 303 299
f 325 318 311
f 337 331 325
f 348 347 337
f 376 368 367
f 177 178 392
f 888 169 170
f 900 899 889
f 935 928 916
f 948 942 935
f 1380 763 762
f 1430 1417 1416
f 1220 1207 1206
f 1246 1236 1220
f 1155 1256 1248
f 1165 1164 1157
f 1194 1173 1172
f 987 986 962
f 1030 1018 1014
f 1062 1045 1035
f 1081 1068 1067
f 1097 1096 1082
f 1132 1103 1102
f 1285 1284 1268
f 1315 1301 1300
f 1338 1328 1327
f 769 1366 1365
f 784 783 769
f 1864 785 784
f 1880 1868 1867
f 1907 1900 1880
f 1700 1699 1684
f 1755 1733 1724
f 1787 1784 1772
f 1838 1824 1814
f 798 1858 1857
f 829 809 799
f 850 849 841
f 887 877 869
f 152 156 887
f 120 127 131
f 99 111 120
f 79 96 99
f 40 46 47
f 21 32 40
f 239 12 13
f 208 223 229
f 1649 1622 208
f 1679 1665 1664
f 1456 1455 1441
f 1501 1483 1458
f 1524 1523 1502
f 1559 1548 1537
f 202 1615 1614
f 194 195 202
f 397 184 185
f 415 414 397
f 443 436 428
f 464 463 452
f 478 473 464
f 267 253 252
f 687 686 267
f 699 691 690
f 481 712 703
f 495 488 487
f 509 508 502
f 553 539 538
f 592 578 577
f 633 626 625
f 667 659 641
f 283 682 667
f 299 285 284
f 337 325 311
f 349 348 337
f 381 376 367
f 176 177 392
f 888 170 171
f 901 900 889
f 948 935 916
f 1380 762 761
f 1430 1416 1415
f 1246 1220 1206
f 1155 1248 1247
f 1166 1165 1157
f 1194 1172 1171
f 988 987 962
f 1030 1014 1013
f 1065 1062 1035
f 1081 1067 1066
f 1098 1097 1082
f 1152 1132 1102
f 1286 1285 1268
f 1315 1300 1299
f 1339 1338 1327
f 769 1365 1364
f 1865 1864 784
f 1907 1880 1867
f 1701 1700 1684
f 1755 1724 1723
f 1838 1814 1802
f 798 1857 1856
f 829 799 798
f 858 850 841
f 887 869 863
f 151 152 887
f 120 131 132
f 79 99 120
f 40 47 48
f 13 21 40
f 238 239 13
f 208 229 230
f 1650 1649 208
f 1679 1664 1663
f 1457 1456 1441
f 1501 1458 1457
f 1525 1524 1502
f 1559 1537 1532
f 202 1614 1613
f 193 194 202
f 397 185 186
f 416 415 397
f 452 443 428
f 478 464 452
f 267 252 251
f 688 687 267
f 700 699 690
f 481 703 702
f 496 495 487
f 512 509 502
f 553 538 537
f 592 577 576
f 633 625 624
f 283 667 641
f 311 299 284
f 349 337 311
f 392 381 367
f 888 171 172
f 902 901 889
f 948 916 911
f 1380 761 760
f 1430 1415 1414
f 1246 1206 1205
f 1155 1247 1246
f 1167 1166 1157
f 1194 1171 1170
f 989 988 962
f 1034 1030 1013
f 1066 1065 1035
f 1099 1098 1082
f 1152 1102 1101
f 1287 1286 1268
f 1315 1299 1298
f 1340 1339 1327
f 769 1364 1363
f 1866 1865 784
f 1908 1907 1867
f 1702 1701 1684
f 1755 1723 1722
f 1847 1838 1802
f 798 1856 1855
f 832 829 798
f 860 858 841
f 887 863 862
f 148 151 887
f 120 132 133
f 78 79 120
f 40 48 49
f 238 13 40
f 1650 208 230
f 1679 1663 1662
f 1501 1457 1441
f 1526 1525 1502
f 1559 1532 1531
f 202 1613 1612
f 192 193 202
f 397 186 187
f 417 416 397
f 478 452 428
f 688 267 251
f 701 700 690
f 481 702 701
f 497 496 487
f 512 502 501
f 553 537 536
f 592 576 575
f 641 633 624
f 284 283 641
f 349 311 284
f 392 367 366
f 888 172 173
f 903 902 889
f 948 911 905
f 1380 760 759
f 1430 1414 1413
f 1155 1246 1205
f 1194 1170 1169
f 990 989 962
f 1034 1013 1012
f 1081 1066 1035
f 1100 1099 1082
f 1288 1287 1268
f 1320 1315 1298
f 1341 1340 1327
f 769 1363 1362
f 1867 1866 784
f 1909 1908 1867
f 1703 1702 1684
f 1755 1722 1721
f 1848 1847 1802
f 798 1855 1854
f 833 832 798
f 862 860 841
f 148 887 862
f 120 133 134
f 77 78 120
f 40 49 50
f 237 238 40
f 1650 230 231
f 1679 1662 1661
f 1527 1526 1502
f 202 1612 1611
f 191 192 202
f 397 187 188
f 418 417 397
f 688 251 250
f 481 701 690
f 498 497 487
f 515 512 501
f 565 553 536
f 641 624 623
f 349 284 641
f 888 173 174
f 949 948 905
f 1380 759 758
f 1201 1430 1413
f 1155 1205 1204
f 1195 1194 1169
f 991 990 962
f 1034 1012 1011
f 1101 1100 1082
f 1289 1288 1268
f 1320 1298 1297
f 1342 1341 1327
f 769 1362 1361
f 1910 1909 1867
f 1704 1703 1684
f 1755 1721 1720
f 1849 1848 1802
f 798 1854 1853
f 834 833 798
f 148 862 841
f 120 134 139
f 76 77 120
f 40 50 51
f 235 237 40
f 1650 231 234
f 1679 1661 1660
f 1528 1527 1502
f 202 1611 1610
f 190 191 202
f 397 188 189
f 419 418 397
f 688 250 249
f 515 501 500
f 565 536 535
f 641 623 622
f 350 349 641
f 888 174 175
f 949 905 904
f 1380 758 757
f 1201 1413 1412
f 1155 1204 1203
f 1196 1195 1169
f 992 991 962
f 1034 1011 1010
f 1320 1297 1296
f 1343 1342 1327
f 769 1361 1360
f 1911 1910 1867
f 1705 1704 1684
f 1755 1720 1719
f 1850 1849 1802
f 798 1853 1852
f 835 834 798
f 139 148 841
f 76 120 139
f 40 51 52
f 234 235 40
f 1651 1650 234
f 1679 1660 1659
f 1531 1528 1502
f 202 1610 1609
f 189 190 202
f 419 397 189
f 688 249 248
f 524 515 500
f 565 535 534
f 641 622 621
f 351 350 641
f 888 175 176
f 950 949 904
f 1380 757 756
f 1201 1412 1411
f 1155 1203 1202
f 1197 1196 1169
f 993 992 962
f 1034 1010 1009
f 1344 1343 1327
f 769 1360 1359
f 1912 1911 1867
f 1706 1705 1684
f 1755 1719 1718
f 1851 1850 1802
f 798 1852 1851
f 836 835 798
f 139 841 840
f 75 76 139
f 40 52 53
f 1652 1651 234
f 1679 1659 1658
f 1559 1531 1502
f 202 1609 1608
f 419 189 202
f 688 248 247
f 524 500 499
f 565 534 533
f 352 351 641
f 889 888 176
f 951 950 904
f 1380 756 755
f 1201 1411 1410
f 1156 1155 1202
f 1198 1197 1169
f 994 993 962
f 1034 1009 1008
f 1345 1344 1327
f 769 1359 1358
f 1707 1706 1684
f 1755 1718 1717
f 798 1851 1802
f 139 840 839
f 74 75 139
f 40 53 54
f 1653 1652 234
f 1679 1658 1657
f 1560 1559 1502
f 202 1608 1607
f 420 419 202
f 688 247 246
f 530 524 499
f 353 352 641
f 903 889 176
f 1380 755 754
f 1201 1410 1409
f 1157 1156 1202
f 1198 1169 1168
f 995 994 962
f 1034 1008 1007
f 1346 1345 1327
f 769 1358 1357
f 1708 1707 1684
f 1755 1717 1716
f 798 1802 1801
f 139 839 838
f 73 74 139
f 40 54 55
f 1654 1653 234
f 1679 1657 1656
f 421 420 202
f 688 246 245
f 533 530 499
f 354 353 641
f 904 903 176
f 1380 754 753
f 1201 1409 1408
f 1199 1198 1168
f 1034 1007 1006
f 1347 1346 1327
f 769 1357 1356
f 1709 1708 1684
f 1755 1716 1715
f 798 1801 1797
f 139 838 837
f 40 55 56
f 1655 1654 234
f 1679 1656 1655
f 423 421 202
f 688 245 244
f 357 354 641
f 951 904 176
f 1380 753 752
f 1201 1408 1407
f 1200 1199 1168
f 1034 1006 1005
f 1348 1347 1327
f 769 1356 1355
f 1710 1709 1684
f 1755 1715 1714
f 798 1797 1787
f 139 837 836
f 40 56 57
f 1679 1655 234
f 428 423 202
f 688 244 243
f 358 357 641
f 952 951 176
f 1380 752 751
f 961 1200 1168
f 1034 1005 1004
f 1349 1348 1327
f 769 1355 1354
f 1755 1714 1713
f 798 1787 1772
f 139 836 798
f 40 57 58
f 1441 1679 234
f 478 428 202
f 688 243 242
f 359 358 641
f 953 952 176
f 1380 751 750
f 1034 1004 1003
f 1350 1349 1327
f 769 1354 1353
f 1756 1755 1713
f 798 1772 1765
f 40 58 59
f 1441 234 40
f 241 478 202
f 688 242 241
f 360 359 641
f 954 953 176
f 1380 750 749
f 1034 1003 1002
f 1351 1350 1327
f 769 1353 1352
f 1757 1756 1713
f 139 798 1765
f 40 59 60
f 1501 1441 40
f 241 202 1607
f 361 360 641
f 955 954 176
f 1380 749 748
f 1034 1002 1001
f 1351 1327 1326
f 769 1352 1351
f 1758 1757 1713
f 40 60 61
f 1502 1501 40
f 241 1607 1606
f 956 955 176
f 1380 748 747
f 1034 1001 1000
f 769 1351 1326
f 1759 1758 1713
f 40 61 62
f 241 1606 1605
f 957 956 176
f 1380 747 746
f 1034 1000 999
f 769 1326 1325
f 40 62 63
f 241 1605 1604
f 958 957 176
f 1380 746 745
f 1034 999 998
f 769 1325 1324
f 40 63 64
f 241 1604 1603
f 959 958 176
f 1380 745 744
f 1034 998 997
f 769 1324 1323
f 40 64 65
f 241 1603 1602
f 960 959 176
f 1380 744 743
f 1034 997 996
f 769 1323 1322
f 40 65 66
f 241 1602 1601
f 721 960 176
f 1380 743 742
f 1034 996 995
f 769 1322 1321
f 40 66 67
f 241 1601 1600
f 721 176 392
f 1380 742 741
f 1034 995 962
f 784 769 1321
f 40 67 68
f 241 1600 1599
f 721 392 366
f 1380 741 740
f 1867 784 1321
f 40 68 69
f 241 1599 1598
f 721 366 365
f 1380 740 739
f 1867 1321 1320
f 40 69 70
f 241 1598 1597
f 721 365 364
f 1380 739 738
f 1867 1320 1296
f 40 70 71
f 241 1597 1596
f 721 364 363
f 1380 738 737
f 1867 1296 1295
f 40 71 72
f 241 1596 1595
f 721 363 362
f 1380 737 736
f 1867 1295 1294
f 40 72 73
f 241 1595 1594
f 721 362 361
f 1380 736 735
f 1867 1294 1293
f 241 1594 1593
f 722 721 361
f 1380 735 734
f 1867 1293 1292
f 241 1593 1592
f 723 722 361
f 1380 734 733
f 1867 1292 1291
f 241 1592 1591
f 724 723 361
f 1380 733 732
f 1867 1291 1290
f 241 1591 1590
f 725 724 361
f 1380 732 731
f 1867 1290 1289
f 241 1590 1589
f 726 725 361
f 1380 731 730
f 1867 1289 1268
f 241 1589 1588
f 727 726 361
f 1380 730 729
f 1912 1867 1268
f 241 1588 1587
f 728 727 361
f 1380 729 728
f 1913 1912 1268
f 241 1587 1586
f 1380 728 361
f 1914 1913 1268
f 241 1586 1585
f 1381 1380 361
f 1915 1914 1268
f 241 1585 1584
f 1381 361 641
f 1916 1915 1268
f 241 1584 1583
f 1382 1381 641
f 1917 1916 1268
f 241 1583 1582
f 1383 1382 641
f 1918 1917 1268
f 241 1582 1581
f 1384 1383 641
f 1919 1918 1268
f 241 1581 1580
f 1385 1384 641
f 1920 1919 1268
f 241 1580 1579
f 1386 1385 641
f 1681 1920 1268
f 241 1579 1578
f 1387 1386 641
f 1681 1268 1152
f 241 1578 1577
f 1388 1387 641
f 1682 1681 1152
f 241 1577 1576
f 1389 1388 641
f 1682 1152 1101
f 241 1576 1575
f 1390 1389 641
f 1682 1101 1082
f 241 1575 1574
f 1391 1390 641
f 1682 1082 1081
f 241 1574 1573
f 1392 1391 641
f 1683 1682 1081
f 241 1573 1572
f 1393 1392 641
f 1684 1683 1081
f 241 1572 1571
f 1394 1393 641
f 1710 1684 1081
f 241 1571 1570
f 1395 1394 641
f 1711 1710 1081
f 241 1570 1569
f 1396 1395 641
f 1712 1711 1081
f 241 1569 1568
f 1397 1396 641
f 1713 1712 1081
f 241 1568 1567
f 1398 1397 641
f 1759 1713 1081
f 241 1567 1566
f 1399 1398 641
f 1760 1759 1081
f 241 1566 1565
f 1400 1399 641
f 1761 1760 1081
f 241 1565 1564
f 1401 1400 641
f 1762 1761 1081
f 241 1564 1563
f 1402 1401 641
f 1763 1762 1081
f 241 1563 1562
f 1403 1402 641
f 1764 1763 1081
f 688 241 1562
f 1404 1403 641
f 1765 1764 1081
f 688 1562 1561
f 1405 1404 641
f 139 1765 1081
f 688 1561 1560
f 1406 1405 641
f 73 139 1081
f 688 1560 1502
f 1407 1406 641
f 73 1081 1035
f 689 688 1502
f 1201 1407 641
f 73 1035 1034
f 690 689 1502
f 1201 641 621
f 73 1034 962
f 481 690 1502
f 1201 621 620
f 73 962 961
f 481 1502 40
f 1201 620 619
f 40 73 961
f 482 481 40
f 1201 619 618
f 485 482 40
f 1201 618 617
f 486 485 40
f 1201 617 616
f 487 486 40
f 1201 616 615
f 498 487 40
f 1201 615 614
f 499 498 40
f 1201 614 608
f 533 499 40
f 1201 608 607
f 565 533 40
f 1201 607 606
f 565 40 961
f 1201 606 605
f 566 565 961
f 1201 605 604
f 566 961 1168
f 1202 1201 604
f 566 1168 1167
f 1202 604 603
f 566 1167 1157
f 1202 603 602
f 567 566 1157
f 1202 602 601
f 568 567 1157
f 1157 1202 601
f 569 568 1157
f 1157 601 600
f 570 569 1157
f 1157 600 593
f 571 570 1157
f 1157 593 592
f 572 571 1157
f 1157 592 575
f 573 572 1157
f 1157 575 574
f 574 573 1157
f 3184 3074 3075
f 3079 3080 3081
f 3081 3082 3083
f 3095 3096 3097
f 3097 3098 3099
f 3099 3100 3101
f 3101 3102 3103
f 3103 3104 3105
f 3105 3106 3107
f 3107 3108 3109
f 3109 3110 3111
f 3111 3112 3113
f 2882 2883 2884
f 2884 2885 2886
f 2886 2887 2888
f 2888 2889 2890
f 2890 2891 2892
f 2892 2893 2894
f 2894 2895 2896
f 2896 2897 2898
f 2898 2899 2900
f 2900 2901 2902
f 2902 2903 2904
f 2934 2935 2936
f 2936 2937 2938
f 2939 2940 2941
f 2942 2943 2944
f 2946 2947 2948
f 2948 2949 2950
f 2950 2951 2952
f 2952 2953 2954
f 2955 2956 2957
f 2957 2958 2959
f 2959 2960 2961
f 2961 2962 2963
f 2966 2967 2968
f 2968 2969 2970
f 2970 2971 2972
f 2972 2973 2974
f 2974 2975 2976
f 2976 2977 2978
f 2978 2979 2980
f 2980 2981 2982
f 2982 2983 2984
f 2990 2991 2992
f 2992 2993 2994
f 2994 2995 2996
f 2996 2997 2998
f 2998 2999 3000
f 3002 3003 3004
f 3004 3005 3006
f 3006 3007 3008
f 3008 3009 3010
f 3010 3011 3012
f 3012 3013 3014
f 3024 3025 3026
f 3026 3027 3028
f 3028 3029 3030
f 3030 3031 3032
f 3032 3033 3034
f 3034 3035 3036
f 3036 3037 3038
f 3038 3039 3040
f 3040 3041 3042
f 3042 3043 3044
f 3044 3045 3046
f 3046 3047 3048
f 3048 3049 3050
f 3050 3051 3052
f 3052 3053 3054
f 3054 3055 3056
f 3056 3057 3058
f 3058 3059 3060
f 3060 3061 3062
f 3062 3063 3064
f 3064 3065 3066
f 3066 3067 3068
f 3068 3069 3070
f 3070 3071 3072
f 3073 3074 3184
f 3184 3185 3186
f 3186 3187 3188
f 3188 3189 3190
f 3190 3191 3192
f 3192 3193 3194
f 3194 3195 3196
f 3196 3197 3198
f 3198 3199 3200
f 3200 3201 3202
f 3223 3224 3225
f 3225 3226 3227
f 3227 3228 3229
f 3229 3230 3231
f 3231 3232 3233
f 3233 3234 3235
f 3235 3236 3237
f 3237 3238 3239
f 3250 3251 3252
f 3252 3253 3254
f 3254 3255 3256
f 3288 3289 3290
f 3290 3291 3292
f 3292 3293 3294
f 3294 3295 3296
f 3296 3297 3298
f 3298 3299 3300
f 3300 2687 2688
f 2689 2690 2691
f 2691 2692 2693
f 2693 2694 2695
f 2695 2696 2697
f 2697 2698 2699
f 2699 2700 2701
f 2706 2707 2708
f 2708 2709 2710
f 2710 2711 2712
f 2713 2714 2715
f 2715 2716 2717
f 2717 2718 3783
f 3790 3791 3792
f 3792 3793 3794
f 3795 3796 3797
f 3800 3801 3802
f 3803 3804 3805
f 3805 3806 3807
f 3808 3809 3810
f 3811 3812 3813
f 3814 3815 3816
f 3816 3817 3818
f 3818 3819 3820
f 3820 3821 3822
f 3822 3823 3824
f 3606 3607 3608
f 3608 3609 3610
f 3610 3611 3612
f 3612 3613 3614
f 3614 3615 3616
f 3616 3617 3618
f 3647 3648 3649
f 3649 3650 3651
f 3651 3652 3653
f 3653 3654 3655
f 3655 3656 3657
f 3657 3658 3659
f 3659 3660 3661
f 3661 3662 3663
f 3663 3664 3665
f 3665 3666 3667
f 3667 3668 3669
f 3669 3670 3671
f 3671 3672 3673
f 3685 3686 3687
f 3688 3689 3690
f 3690 3691 3692
f 3692 3693 3694
f 3695 3696 3697
f 3697 3698 3699
f 3699 3700 3701
f 3702 3703 3704
f 3704 3705 3706
f 3707 3708 3709
f 3709 3710 3711
f 3712 3713 3714
f 3714 3715 3716
f 3717 3718 3719
f 3719 3720 3721
f 3722 3723 3724
f 3724 3725 3726
f 3726 3727 3728
f 3728 3729 3730
f 3730 3731 3732
f 3732 3733 3734
f 3734 3735 3736
f 3736 3737 3738
f 3738 3739 3740
f 3742 3743 3744
f 3744 3745 3746
f 3747 3748 3749
f 3750 3751 3752
f 3752 3753 3754
f 3754 3755 3756
f 3756 3757 3758
f 3758 3759 3760
f 3760 3761 3762
f 3762 3763 3764
f 3782 3783 2718
f 2719 2720 2721
f 2721 2722 2723
f 2725 2726 2727
f 2727 2728 2729
f 2729 2730 2731
f 2731 2732 2733
f 2733 2734 2735
f 2735 2736 2737
f 2737 2738 2739
f 2739 2740 2741
f 2741 2742 2743
f 2745 2746 2747
f 2747 2748 2749
f 2749 2750 2751
f 2761 2762 2763
f 2763 2764 2765
f 2765 2766 2767
f 2770 2771 2772
f 2772 2773 2774
f 2775 2776 2777
f 2778 2779 2780
f 2780 2781 2782
f 2785 2786 2787
f 2787 2788 2789
f 2790 2791 2792
f 2792 2793 2794
f 2795 2796 2797
f 2797 2798 2799
f 2801 2802 2803
f 2803 2804 2805
f 2805 2806 2807
f 2807 2808 2085
f 2082 2081 2080
f 2080 2079 2078
f 2074 2073 2072
f 2071 2070 2069
f 2068 2067 2066
f 2066 2065 2064
f 2063 2062 2061
f 2061 2060 2059
f 2059 2058 2057
f 2056 2055 2054
f 2051 2050 2049
f 2049 2048 2047
f 2047 2046 2045
f 2042 2041 2040
f 2040 2039 2038
f 2038 2037 2036
f 2035 2034 2033
f 2031 2030 2029
f 2029 2028 2027
f 2027 2026 2025
f 2024 2023 2022
f 2021 2020 2019
f 2019 2018 2017
f 2015 2014 2013
f 2013 2012 2011
f 2011 2010 2009
f 2009 2008 2007
f 2007 2006 2005
f 2003 2002 2001
f 2001 2000 1999
f 1962 1961 1960
f 1960 1959 1958
f 1957 1956 1955
f 1952 1951 1950
f 1950 1949 1948
f 1948 1947 1946
f 1946 1945 1944
f 1943 1942 1941
f 1941 1940 1939
f 1937 1936 1935
f 1935 1934 1933
f 1932 1931 1930
f 1930 1929 1928
f 1928 1927 1926
f 1923 1922 1921
f 1921 2160 2159
f 2157 2156 2155
f 2154 2153 2152
f 2149 2148 2147
f 2146 2145 2144
f 2143 2142 2141
f 2140 2139 2138
f 2138 2137 2136
f 2136 2135 2134
f 2134 2133 2132
f 2131 2130 2129
f 2128 2127 2126
f 2126 2125 2124
f 2123 2122 3541
f 3542 3543 3544
f 3544 3545 3546
f 3546 3547 3548
f 3548 3549 3550
f 3550 3551 3552
f 3552 3553 3554
f 3554 3555 3556
f 3556 3557 3558
f 3558 3559 3560
f 3560 3561 3562
f 3562 3563 3564
f 3564 3565 3566
f 3566 3567 3568
f 3587 3588 3589
f 3589 3590 3591
f 3591 3592 3593
f 3593 3594 3595
f 3595 3596 3597
f 3597 3598 3599
f 3599 3600 3361
f 3361 3362 3363
f 3363 3364 3365
f 3365 3366 3367
f 3367 3368 3369
f 3369 3370 3371
f 3371 3372 3373
f 3379 3380 3381
f 3381 3382 3383
f 3383 3384 3385
f 3385 3386 3387
f 3387 3388 3389
f 3389 3390 3391
f 3391 3392 3393
f 3393 3394 3395
f 3395 3396 3397
f 3397 3398 3399
f 3399 3400 3401
f 3401 3402 3403
f 3403 3404 3405
f 3405 3406 3407
f 3407 3408 3409
f 3409 3410 3411
f 3411 3412 3413
f 3413 3414 3415
f 3415 3416 3417
f 3417 3418 3419
f 3419 3420 3421
f 3422 3423 3424
f 3424 3425 3426
f 3426 3427 3428
f 3428 3429 3430
f 3430 3431 3432
f 3432 3433 3434
f 3434 3435 3436
f 3436 3437 3438
f 3438 3439 3440
f 3440 3441 3442
f 3448 3449 3450
f 3452 3453 3454
f 3454 3455 3456
f 3457 3458 3459
f 3459 3460 3461
f 3461 3462 3463
f 3463 3464 3465
f 3465 3466 3467
f 3468 3469 3470
f 3470 3471 3472
f 3473 3474 3475
f 3475 3476 3477
f 3538 3539 3540
f 3540 3541 2122
f 2122 2121 2120
f 2120 2119 2118
f 2100 2099 2317
f 2317 2318 2319
f 2319 2320 2321
f 2321 2322 2323
f 2323 2324 2325
f 2325 2326 2327
f 2327 2328 2329
f 2329 2330 2331
f 2331 2332 2333
f 2341 2342 2343
f 2344 2345 2346
f 2348 2349 2350
f 2353 2354 2355
f 2357 2358 2359
f 2359 2360 2361
f 2364 2365 2366
f 2368 2369 2370
f 2373 2374 2375
f 2376 2377 2378
f 2378 2379 2380
f 2381 2382 2383
f 2384 2385 2386
f 2387 2388 2389
f 2389 2390 2391
f 2391 2392 2393
f 2393 2394 2395
f 2395 2396 2397
f 2398 2399 2400
f 2175 2176 2177
f 2177 2178 2179
f 2179 2180 2181
f 2181 2182 2183
f 2183 2184 2185
f 2185 2186 2187
f 2187 2188 2189
f 2189 2190 2191
f 2191 2192 2193
f 2193 2194 2195
f 2197 2198 2605
f 2612 2613 2614
f 2614 2615 2616
f 2616 2617 2618
f 2626 2627 2628
f 2628 2629 2630
f 2630 2631 2632
f 2632 2633 2634
f 2634 2635 2636
f 2636 2637 2638
f 2638 2639 2640
f 2402 2403 2404
f 2409 2410 2411
f 2411 2412 2413
f 2425 2426 2427
f 2429 2430 2431
f 2432 2433 2434
f 2435 2436 2437
f 2438 2439 2440
f 2441 2442 2443
f 2444 2445 2446
f 2447 2448 2449
f 2450 2451 2452
f 2461 2462 2463
f 2463 2464 2465
f 2465 2466 2467
f 2467 2468 2469
f 2469 2470 2471
f 2471 2472 2473
f 2473 2474 2475
f 2475 2476 2477
f 2477 2478 2479
f 2479 2480 2481
f 2481 2482 2483
f 2483 2484 2485
f 2500 2501 2502
f 2502 2503 2504
f 2504 2505 2506
f 2506 2507 2508
f 2508 2509 2510
f 2510 2511 2512
f 2515 2516 2517
f 2517 2518 2519
f 2529 2530 2531
f 2549 2550 2551
f 2551 2552 2553
f 2553 2554 2555
f 2555 2556 2557
f 2557 2558 2559
f 2559 2560 2561
f 2561 2562 2563
f 2563 2564 2565
f 2565 2566 2567
f 2568 2569 2570
f 2571 2572 2573
f 2573 2574 2575
f 2576 2577 2578
f 2579 2580 2581
f 2581 2582 2583
f 2585 2586 2587
f 2587 2588 2589
f 2590 2591 2592
f 2593 2594 2595
f 2595 2596 2597
f 2597 2598 2599
f 2599 2600 2601
f 2602 2603 2604
f 2604 2605 2198
f 2198 2199 2200
f 2205 2206 2207
f 2207 2208 2209
f 2209 2210 2211
f 2213 2214 2215
f 2215 2216 2217
f 2217 2218 2219
f 2219 2220 2221
f 2223 2224 2225
f 2225 2226 2227
f 2229 2230 2231
f 2232 2233 2234
f 2235 2236 2237
f 2238 2239 2240
f 2241 2242 2243
f 2243 2244 2245
f 2247 2248 2249
f 2249 2250 2251
f 2253 2254 2255
f 2255 2256 2257
f 2257 2258 2259
f 2260 2261 2262
f 2262 2263 2264
f 2264 2265 2266
f 2274 2275 2276
f 2290 2291 2292
f 2292 2293 2294
f 2294 2295 2296
f 2296 2297 2298
f 2298 2299 2300
f 2301 2302 2303
f 2304 2305 2306
f 2306 2307 2308
f 2308 2309 2310
f 2310 2311 2312
f 2313 2314 2315
f 2316 2317 2099
f 2086 2085 2808
f 2809 2810 2811
f 2811 2812 2813
f 2813 2814 2815
f 2815 2816 2817
f 2817 2818 2819
f 2825 2826 2827
f 2829 2830 2831
f 2831 2832 2833
f 2834 2835 2836
f 2836 2837 2838
f 2838 2839 2840
f 2841 2842 2843
f 2843 2844 2845
f 2846 2847 2848
f 2848 2849 2850
f 2853 2854 2855
f 2855 2856 2857
f 2857 2858 2859
f 2860 2861 2862
f 2863 2864 2865
f 2865 2866 2867
f 2686 2687 3300
f 3338 3339 3340
f 3340 3341 3342
f 3342 3343 3344
f 3344 3345 3346
f 3346 3347 3348
f 3348 3349 3350
f 3350 3351 3352
f 3352 3353 3354
f 3354 3355 3356
f 3356 3357 3358
f 3358 3359 3360
f 3128 3129 3130
f 3130 3131 3132
f 3132 3133 3134
f 3134 3135 3136
f 3136 3137 3138
f 3138 3139 3140
f 3140 3141 3142
f 3142 3143 3144
f 3144 3145 3146
f 3146 3147 3148
f 3148 3149 3150
f 3150 3151 3152
f 3152 3153 3154
f 3154 3155 3156
f 3156 3157 3158
f 3158 3159 3160
f 3160 3161 3162
f 3162 3163 3164
f 3164 3165 3166
f 3170 3171 3172
f 3172 3173 3174
f 3174 3175 3176
f 3176 3177 3178
f 3178 3179 3180
f 3181 3182 3183
f 3183 3184 3075
f 3078 3079 3081
f 3094 3095 3097
f 3097 3099 3101
f 3101 3103 3105
f 3105 3107 3109
f 3109 3111 3113
f 2882 2884 2886
f 2886 2888 2890
f 2890 2892 2894
f 2894 2896 2898
f 2898 2900 2902
f 2902 2904 2905
f 2934 2936 2938
f 2939 2941 2942
f 2946 2948 2950
f 2950 2952 2954
f 2955 2957 2959
f 2959 2961 2963
f 2966 2968 2970
f 2970 2972 2974
f 2974 2976 2978
f 2978 2980 2982
f 2982 2984 2985
f 2990 2992 2994
f 2994 2996 2998
f 2998 3000 3001
f 3002 3004 3006
f 3006 3008 3010
f 3010 3012 3014
f 3024 3026 3028
f 3028 3030 3032
f 3032 3034 3036
f 3036 3038 3040
f 3040 3042 3044
f 3044 3046 3048
f 3048 3050 3052
f 3052 3054 3056
f 3056 3058 3060
f 3060 3062 3064
f 3064 3066 3068
f 3068 3070 3072
f 3072 3073 3184
f 3184 3186 3188
f 3188 3190 3192
f 3192 3194 3196
f 3196 3198 3200
f 3200 3202 3203
f 3223 3225 3227
f 3227 3229 3231
f 3231 3233 3235
f 3235 3237 3239
f 3250 3252 3254
f 3254 3256 3257
f 3287 3288 3290
f 3290 3292 3294
f 3294 3296 3298
f 3298 3300 2688
f 2689 2691 2693
f 2693 2695 2697
f 2697 2699 2701
f 2706 2708 2710
f 2710 2712 2713
f 2713 2715 2717
f 2717 3783 3784
f 3789 3790 3792
f 3792 3794 3795
f 3795 3797 3798
f 3800 3802 3803
f 3803 3805 3807
f 3808 3810 3811
f 3811 3813 3814
f 3816 3818 3820
f 3820 3822 3824
f 3605 3606 3608
f 3608 3610 3612
f 3612 3614 3616
f 3616 3618 3619
f 3646 3647 3649
f 3649 3651 3653
f 3653 3655 3657
f 3657 3659 3661
f 3661 3663 3665
f 3665 3667 3669
f 3669 3671 3673
f 3685 3687 3688
f 3688 3690 3692
f 3692 3694 3695
f 3695 3697 3699
f 3701 3702 3704
f 3704 3706 3707
f 3707 3709 3711
f 3711 3712 3714
f 3714 3716 3717
f 3717 3719 3721
f 3722 3724 3726
f 3726 3728 3730
f 3730 3732 3734
f 3734 3736 3738
f 3738 3740 3741
f 3746 3747 3749
f 3754 3756 3758
f 3758 3760 3762
f 3762 3764 3765
f 3781 3782 2718
f 2719 2721 2723
f 2725 2727 2729
f 2729 2731 2733
f 2735 2737 2739
f 2741 2743 2744
f 2745 2747 2749
f 2749 2751 2752
f 2761 2763 2765
f 2772 2774 2775
f 2775 2777 2778
f 2785 2787 2789
f 2790 2792 2794
f 2800 2801 2803
f 2803 2805 2807
f 2807 2085 2084
f 2083 2082 2080
f 2080 2078 2077
f 2075 2074 2072
f 2071 2069 2068
f 2068 2066 2064
f 2063 2061 2059
f 2059 2057 2056
f 2051 2049 2047
f 2043 2042 2040
f 2040 2038 2036
f 2035 2033 2032
f 2031 2029 2027
f 2027 2025 2024
f 2024 2022 2021
f 2019 2017 2016
f 2015 2013 2011
f 2011 2009 2007
f 2007 2005 2004
f 2003 2001 1999
f 1963 1962 1960
f 1960 1958 1957
f 1957 1955 1954
f 1952 1950 1948
f 1946 1944 1943
f 1941 1939 1938
f 1937 1935 1933
f 1932 1930 1928
f 1928 1926 1925
f 1923 1921 2159
f 2154 2152 2151
f 2149 2147 2146
f 2146 2144 2143
f 2143 2141 2140
f 2138 2136 2134
f 2132 2131 2129
f 2124 2123 3541
f 3542 3544 3546
f 3546 3548 3550
f 3550 3552 3554
f 3554 3556 3558
f 3558 3560 3562
f 3562 3564 3566
f 3566 3568 3569
f 3587 3589 3591
f 3591 3593 3595
f 3595 3597 3599
f 3361 3363 3365
f 3365 3367 3369
f 3369 3371 3373
f 3379 3381 3383
f 3383 3385 3387
f 3387 3389 3391
f 3391 3393 3395
f 3395 3397 3399
f 3399 3401 3403
f 3403 3405 3407
f 3407 3409 3411
f 3411 3413 3415
f 3415 3417 3419
f 3422 3424 3426
f 3426 3428 3430
f 3430 3432 3434
f 3434 3436 3438
f 3438 3440 3442
f 3448 3450 3451
f 3452 3454 3456
f 3457 3459 3461
f 3463 3465 3467
f 3470 3472 3473
f 3475 3477 3478
f 3538 3540 2122
f 2122 2120 2118
f 2101 2100 2317
f 2317 2319 2321
f 2321 2323 2325
f 2325 2327 2329
f 2329 2331 2333
f 2344 2346 2347
f 2348 2350 2351
f 2352 2353 2355
f 2359 2361 2362
f 2363 2364 2366
f 2368 2370 2371
f 2373 2375 2376
f 2378 2380 2381
f 2387 2389 2391
f 2393 2395 2397
f 2398 2400 2161
f 2175 2177 2179
f 2179 2181 2183
f 2183 2185 2187
f 2187 2189 2191
f 2191 2193 2195
f 2196 2197 2605
f 2612 2614 2616
f 2625 2626 2628
f 2628 2630 2632
f 2632 2634 2636
f 2636 2638 2640
f 2402 2404 2405
f 2409 2411 2413
f 2424 2425 2427
f 2429 2431 2432
f 2432 2434 2435
f 2435 2437 2438
f 2438 2440 2441
f 2441 2443 2444
f 2444 2446 2447
f 2447 2449 2450
f 2450 2452 2453
f 2461 2463 2465
f 2465 2467 2469
f 2469 2471 2473
f 2473 2475 2477
f 2477 2479 2481
f 2481 2483 2485
f 2500 2502 2504
f 2504 2506 2508
f 2508 2510 2512
f 2515 2517 2519
f 2528 2529 2531
f 2548 2549 2551
f 2553 2555 2557
f 2557 2559 2561
f 2561 2563 2565
f 2565 2567 2568
f 2568 2570 2571
f 2573 2575 2576
f 2576 2578 2579
f 2581 2583 2584
f 2584 2585 2587
f 2587 2589 2590
f 2592 2593 2595
f 2597 2599 2601
f 2602 2604 2198
f 2198 2200 2201
f 2207 2209 2211
f 2212 2213 2215
f 2215 2217 2219
f 2219 2221 2222
f 2225 2227 2228
f 2228 2229 2231
f 2231 2232 2234
f 2235 2237 2238
f 2238 2240 2241
f 2241 2243 2245
f 2246 2247 2249
f 2252 2253 2255
f 2257 2259 2260
f 2260 2262 2264
f 2264 2266 2267
f 2274 2276 2277
f 2289 2290 2292
f 2292 2294 2296
f 2296 2298 2300
f 2301 2303 2304
f 2308 2310 2312
f 2312 2313 2315
f 2315 2316 2099
f 2087 2086 2808
f 2809 2811 2813
f 2813 2815 2817
f 2825 2827 2828
f 2828 2829 2831
f 2831 2833 2834
f 2836 2838 2840
f 2841 2843 2845
f 2845 2846 2848
f 2848 2850 2851
f 2852 2853 2855
f 2855 2857 2859
f 2863 2865 2867
f 2685 2686 3300
f 3338 3340 3342
f 3342 3344 3346
f 3346 3348 3350
f 3350 3352 3354
f 3354 3356 3358
f 3358 3360 3121
f 3128 3130 3132
f 3132 3134 3136
f 3136 3138 3140
f 3140 3142 3144
f 3144 3146 3148
f 3148 3150 3152
f 3152 3154 3156
f 3156 3158 3160
f 3160 3162 3164
f 3169 3170 3172
f 3172 3174 3176
f 3176 3178 3180
f 3181 3183 3075
f 3078 3081 3083
f 3094 3097 3101
f 3101 3105 3109
f 3109 3113 3114
f 2882 2886 2890
f 2890 2894 2898
f 2898 2902 2905
f 2939 2942 2944
f 2945 2946 2950
f 2955 2959 2963
f 2966 2970 2974
f 2974 2978 2982
f 2989 2990 2994
f 2994 2998 3001
f 3002 3006 3010
f 3010 3014 3015
f 3023 3024 3028
f 3028 3032 3036
f 3036 3040 3044
f 3044 3048 3052
f 3052 3056 3060
f 3060 3064 3068
f 3072 3184 3188
f 3188 3192 3196
f 3196 3200 3203
f 3222 3223 3227
f 3227 3231 3235
f 3235 3239 3240
f 3249 3250 3254
f 3254 3257 3258
f 3287 3290 3294
f 3294 3298 2688
f 2689 2693 2697
f 2697 2701 2702
f 2706 2710 2713
f 2713 2717 3784
f 3789 3792 3795
f 3795 3798 3799
f 3800 3803 3807
f 3808 3811 3814
f 3814 3816 3820
f 3820 3824 3825
f 3605 3608 3612
f 3612 3616 3619
f 3646 3649 3653
f 3653 3657 3661
f 3661 3665 3669
f 3669 3673 3674
f 3685 3688 3692
f 3692 3695 3699
f 3707 3711 3714
f 3722 3726 3730
f 3734 3738 3741
f 3744 3746 3749
f 3752 3754 3758
f 3758 3762 3765
f 3780 3781 2718
f 2719 2723 2724
f 2724 2725 2729
f 2729 2733 2735
f 2735 2739 2741
f 2744 2745 2749
f 2761 2765 2767
f 2770 2772 2775
f 2784 2785 2789
f 2790 2794 2795
f 2800 2803 2807
f 2807 2084 2083
f 2083 2080 2077
f 2076 2075 2072
f 2068 2064 2063
f 2059 2056 2054
f 2044 2043 2040
f 2040 2036 2035
f 2027 2024 2021
f 2015 2011 2007
f 2004 2003 1999
f 1964 1963 1960
f 1960 1957 1954
f 1952 1948 1946
f 1946 1943 1941
f 1941 1938 1937
f 1928 1925 1924
f 1924 1923 2159
f 2149 2146 2143
f 2143 2140 2138
f 2138 2134 2132
f 2132 2129 2128
f 2126 2124 3541
f 3542 3546 3550
f 3550 3554 3558
f 3558 3562 3566
f 3586 3587 3591
f 3591 3595 3599
f 3361 3365 3369
f 3369 3373 3374
f 3379 3383 3387
f 3387 3391 3395
f 3395 3399 3403
f 3403 3407 3411
f 3411 3415 3419
f 3422 3426 3430
f 3430 3434 3438
f 3438 3442 3443
f 3452 3456 3457
f 3463 3467 3468
f 3468 3470 3473
f 3475 3478 3479
f 3537 3538 2122
f 2122 2118 2117
f 2102 2101 2317
f 2317 2321 2325
f 2325 2329 2333
f 2343 2344 2347
f 2351 2352 2355
f 2357 2359 2362
f 2363 2366 2367
f 2368 2371 2372
f 2373 2376 2378
f 2378 2381 2383
f 2386 2387 2391
f 2393 2397 2398
f 2174 2175 2179
f 2179 2183 2187
f 2187 2191 2195
f 2195 2196 2605
f 2611 2612 2616
f 2625 2628 2632
f 2632 2636 2640
f 2408 2409 2413
f 2423 2424 2427
f 2435 2438 2441
f 2444 2447 2450
f 2460 2461 2465
f 2465 2469 2473
f 2473 2477 2481
f 2499 2500 2504
f 2504 2508 2512
f 2514 2515 2519
f 2528 2531 2532
f 2547 2548 2551
f 2553 2557 2561
f 2561 2565 2568
f 2568 2571 2573
f 2573 2576 2579
f 2579 2581 2584
f 2587 2590 2592
f 2597 2601 2602
f 2602 2198 2201
f 2207 2211 2212
f 2212 2215 2219
f 2219 2222 2223
f 2223 2225 2228
f 2231 2234 2235
f 2238 2241 2245
f 2245 2246 2249
f 2251 2252 2255
f 2257 2260 2264
f 2289 2292 2296
f 2296 2300 2301
f 2301 2304 2306
f 2306 2308 2312
f 2312 2315 2099
f 2088 2087 2808
f 2809 2813 2817
f 2825 2828 2831
f 2831 2834 2836
f 2836 2840 2841
f 2841 2845 2848
f 2848 2851 2852
f 2855 2859 2860
f 2863 2867 2868
f 2684 2685 3300
f 3337 3338 3342
f 3342 3346 3350
f 3350 3354 3358
f 3127 3128 3132
f 3132 3136 3140
f 3140 3144 3148
f 3148 3152 3156
f 3156 3160 3164
f 3169 3172 3176
f 3180 3181 3075
f 3077 3078 3083
f 3093 3094 3101
f 3101 3109 3114
f 2882 2890 2898
f 2898 2905 2906
f 2938 2939 2944
f 2944 2945 2950
f 2955 2963 2964
f 2966 2974 2982
f 2989 2994 3001
f 3002 3010 3015
f 3023 3028 3036
f 3036 3044 3052
f 3052 3060 3068
f 3188 3196 3203
f 3222 3227 3235
f 3249 3254 3258
f 3286 3287 3294
f 3294 2688 2689
f 2689 2697 2702
f 2706 2713 3784
f 3788 3789 3795
f 3795 3799 3800
f 3800 3807 3808
f 3808 3814 3820
f 3820 3825 3826
f 3605 3612 3619
f 3645 3646 3653
f 3653 3661 3669
f 3669 3674 3675
f 3692 3699 3701
f 3707 3714 3717
f 3722 3730 3734
f 3734 3741 3742
f 3744 3749 3750
f 3750 3752 3758
f 3758 3765 3766
f 3779 3780 2718
f 2719 2724 2729
f 2729 2735 2741
f 2741 2744 2749
f 2761 2767 2768
f 2770 2775 2778
f 2783 2784 2789
f 2789 2790 2795
f 2799 2800 2807
f 2807 2083 2077
f 2068 2063 2059
f 2045 2044 2040
f 2040 2035 2032
f 2031 2027 2021
f 2016 2015 2007
f 2007 2004 1999
f 1965 1964 1960
f 1960 1954 1953
f 1952 1946 1941
f 1941 1937 1933
f 1928 1924 2159
f 2138 2132 2128
f 2128 2126 3541
f 3542 3550 3558
f 3558 3566 3569
f 3586 3591 3599
f 3361 3369 3374
f 3378 3379 3387
f 3387 3395 3403
f 3403 3411 3419
f 3422 3430 3438
f 3461 3463 3468
f 3468 3473 3475
f 3536 3537 2122
f 2122 2117 2116
f 2103 2102 2317
f 2317 2325 2333
f 2343 2347 2348
f 2351 2355 2356
f 2356 2357 2362
f 2367 2368 2372
f 2372 2373 2378
f 2386 2391 2393
f 2174 2179 2187
f 2187 2195 2605
f 2611 2616 2618
f 2624 2625 2632
f 2632 2640 2401
f 2408 2413 2414
f 2423 2427 2428
f 2435 2441 2444
f 2460 2465 2473
f 2473 2481 2485
f 2499 2504 2512
f 2514 2519 2520
f 2528 2532 2533
f 2547 2551 2553
f 2561 2568 2573
f 2579 2584 2587
f 2587 2592 2595
f 2595 2597 2602
f 2602 2201 2202
f 2207 2212 2219
f 2223 2228 2231
f 2231 2235 2238
f 2245 2249 2251
f 2251 2255 2257
f 2257 2264 2267
f 2288 2289 2296
f 2301 2306 2312
f 2312 2099 2098
f 2089 2088 2808
f 2809 2817 2819
f 2836 2841 2848
f 2848 2852 2855
f 2855 2860 2862
f 2862 2863 2868
f 2683 2684 3300
f 3337 3342 3350
f 3350 3358 3121
f 3127 3132 3140
f 3140 3148 3156
f 3156 3164 3166
f 3168 3169 3176
f 3176 3180 3075
f 3077 3083 3084
f 3093 3101 3114
f 2882 2898 2906
f 2938 2944 2950
f 2955 2964 2965
f 2965 2966 2982
f 2988 2989 3001
f 3002 3015 3016
f 3023 3036 3052
f 3052 3068 3072
f 3188 3203 3204
f 3221 3222 3235
f 3248 3249 3258
f 3286 3294 2689
f 2689 2702 2703
f 2705 2706 3784
f 3788 3795 3800
f 3800 3808 3820
f 3820 3826 3827
f 3604 3605 3619
f 3644 3645 3653
f 3653 3669 3675
f 3692 3701 3704
f 3734 3742 3744
f 3744 3750 3758
f 3758 3766 3767
f 3778 3779 2718
f 2729 2741 2749
f 2761 2768 2769
f 2789 2795 2797
f 2797 2799 2807
f 2807 2077 2076
f 2047 2045 2040
f 2040 2032 2031
f 2031 2021 2019
f 2016 2007 1999
f 1966 1965 1960
f 1960 1953 1952
f 1932 1928 2159
f 2143 2138 2128
f 2128 3541 3542
f 3542 3558 3569
f 3585 3586 3599
f 3361 3374 3375
f 3378 3387 3403
f 3403 3419 3421
f 3422 3438 3443
f 3457 3461 3468
f 3468 3475 3479
f 3535 3536 2122
f 2122 2116 2115
f 2104 2103 2317
f 2317 2333 2334
f 2348 2351 2356
f 2356 2362 2363
f 2363 2367 2372
f 2372 2378 2383
f 2384 2386 2393
f 2173 2174 2187
f 2187 2605 2606
f 2611 2618 2619
f 2623 2624 2632
f 2408 2414 2415
f 2422 2423 2428
f 2459 2460 2473
f 2498 2499 2512
f 2513 2514 2520
f 2528 2533 2534
f 2546 2547 2553
f 2561 2573 2579
f 2587 2595 2602
f 2602 2202 2203
f 2205 2207 2219
f 2219 2223 2231
f 2231 2238 2245
f 2245 2251 2257
f 2257 2267 2268
f 2287 2288 2296
f 2312 2098 2097
f 2090 2089 2808
f 2809 2819 2820
f 2836 2848 2855
f 2855 2862 2868
f 2682 2683 3300
f 3336 3337 3350
f 3126 3127 3140
f 3140 3156 3166
f 3168 3176 3075
f 3077 3084 3085
f 3092 3093 3114
f 2882 2906 2907
f 2934 2938 2950
f 2955 2965 2982
f 2987 2988 3001
f 3002 3016 3017
f 3022 3023 3052
f 3188 3204 3205
f 3220 3221 3235
f 3247 3248 3258
f 3285 3286 2689
f 2689 2703 2704
f 2704 2705 3784
f 3787 3788 3800
f 3800 3820 3827
f 3604 3619 3620
f 3644 3653 3675
f 3692 3704 3707
f 3734 3744 3758
f 3777 3778 2718
f 2719 2729 2749
f 2761 2769 2770
f 2789 2797 2807
f 2807 2076 2072
f 2051 2047 2040
f 2040 2031 2019
f 2019 2016 1999
f 1967 1966 1960
f 1960 1952 1941
f 1933 1932 2159
f 2149 2143 2128
f 2128 3542 3569
f 3584 3585 3599
f 3361 3375 3376
f 3378 3403 3421
f 3422 3443 3444
f 3457 3468 3479
f 3534 3535 2122
f 2122 2115 2114
f 2105 2104 2317
f 2317 2334 2335
f 2348 2356 2363
f 2372 2383 2384
f 2384 2393 2398
f 2172 2173 2187
f 2187 2606 2607
f 2610 2611 2619
f 2623 2632 2401
f 2407 2408 2415
f 2422 2428 2429
f 2458 2459 2473
f 2497 2498 2512
f 2545 2546 2553
f 2561 2579 2587
f 2587 2602 2203
f 2204 2205 2219
f 2231 2245 2257
f 2257 2268 2269
f 2287 2296 2301
f 2312 2097 2096
f 2091 2090 2808
f 2809 2820 2821
f 2836 2855 2868
f 2681 2682 3300
f 3335 3336 3350
f 3126 3140 3166
f 3167 3168 3075
f 3077 3085 3086
f 3091 3092 3114
f 2882 2907 2908
f 2933 2934 2950
f 2955 2982 2985
f 2986 2987 3001
f 3002 3017 3018
f 3022 3052 3072
f 3188 3205 3206
f 3219 3220 3235
f 3247 3258 3259
f 3284 3285 2689
f 2704 3784 3785
f 3787 3800 3827
f 3604 3620 3621
f 3643 3644 3675
f 3722 3734 3758
f 3776 3777 2718
f 2718 2719 2749
f 2761 2770 2778
f 2783 2789 2807
f 2807 2072 2071
f 2052 2051 2040
f 2040 2019 1999
f 1968 1967 1960
f 1960 1941 1933
f 1933 2159 2158
f 2150 2149 2128
f 2128 3569 3570
f 3583 3584 3599
f 3361 3376 3377
f 3377 3378 3421
f 3422 3444 3445
f 3452 3457 3479
f 3533 3534 2122
f 2122 2114 2113
f 2106 2105 2317
f 2317 2335 2336
f 2348 2363 2372
f 2372 2384 2398
f 2171 2172 2187
f 2187 2607 2608
f 2610 2619 2620
f 2622 2623 2401
f 2407 2415 2416
f 2422 2429 2432
f 2457 2458 2473
f 2496 2497 2512
f 2544 2545 2553
f 2561 2587 2203
f 2204 2219 2231
f 2231 2257 2269
f 2287 2301 2312
f 2092 2091 2808
f 2809 2821 2822
f 2831 2836 2868
f 2680 2681 3300
f 3334 3335 3350
f 3125 3126 3166
f 3166 3167 3075
f 3077 3086 3087
f 3090 3091 3114
f 2882 2908 2909
f 2933 2950 2954
f 2955 2985 2986
f 3002 3018 3019
f 3021 3022 3072
f 3188 3206 3207
f 3218 3219 3235
f 3247 3259 3260
f 3283 3284 2689
f 2704 3785 3786
f 3787 3827 3828
f 3604 3621 3622
f 3642 3643 3675
f 3722 3758 3767
f 3775 3776 2718
f 2718 2749 2752
f 2761 2778 2780
f 2782 2783 2807
f 2807 2071 2068
f 2053 2052 2040
f 2040 1999 1998
f 1969 1968 1960
f 1960 1933 2158
f 2150 2128 3570
f 3582 3583 3599
f 3361 3377 3421
f 3422 3445 3446
f 3451 3452 3479
f 3532 3533 2122
f 2122 2113 2112
f 2107 2106 2317
f 2317 2336 2337
f 2348 2372 2398
f 2171 2187 2608
f 2610 2620 2621
f 2621 2622 2401
f 2407 2416 2417
f 2421 2422 2432
f 2456 2457 2473
f 2495 2496 2512
f 2544 2553 2561
f 2561 2203 2204
f 2204 2231 2269
f 2286 2287 2312
f 2093 2092 2808
f 2809 2822 2823
f 2825 2831 2868
f 2679 2680 3300
f 3333 3334 3350
f 3125 3166 3075
f 3089 3090 3114
f 2882 2909 2910
f 2932 2933 2954
f 2955 2986 3001
f 3002 3019 3020
f 3188 3207 3208
f 3218 3235 3240
f 3247 3260 3261
f 3282 3283 2689
f 2704 3786 3787
f 3787 3828 3829
f 3604 3622 3623
f 3641 3642 3675
f 3722 3767 3768
f 3774 3775 2718
f 2718 2752 2753
f 2761 2780 2782
f 2782 2807 2068
f 2054 2053 2040
f 2040 1998 1997
f 1970 1969 1960
f 1960 2158 2157
f 2151 2150 3570
f 3581 3582 3599
f 3422 3446 3447
f 3531 3532 2122
f 2122 2112 2111
f 2108 2107 2317
f 2317 2337 2338
f 2170 2171 2608
f 2610 2621 2401
f 2407 2417 2418
f 2421 2432 2435
f 2456 2473 2485
f 2543 2544 2561
f 2561 2204 2269
f 2094 2093 2808
f 2825 2868 2869
f 2678 2679 3300
f 3333 3350 3121
f 3124 3125 3075
f 3089 3114 3115
f 2882 2910 2911
f 2931 2932 2954
f 3002 3020 3021
f 3188 3208 3209
f 3217 3218 3240
f 3247 3261 3262
f 3281 3282 2689
f 3787 3829 3830
f 3604 3623 3624
f 3640 3641 3675
f 3722 3768 3769
f 3773 3774 2718
f 2718 2753 2754
f 2761 2782 2068
f 2059 2054 2040
f 2040 1997 1996
f 1971 1970 1960
f 1960 2157 2155
f 2154 2151 3570
f 3580 3581 3599
f 3422 3447 3448
f 3530 3531 2122
f 2122 2111 2110
f 2109 2108 2317
f 2317 2338 2339
f 2169 2170 2608
f 2420 2421 2435
f 2455 2456 2485
f 2542 2543 2561
f 2561 2269 2270
f 2095 2094 2808
f 2824 2825 2869
f 2677 2678 3300
f 3332 3333 3121
f 3123 3124 3075
f 3089 3115 3116
f 2882 2911 2912
f 2930 2931 2954
f 3216 3217 3240
f 3247 3262 3263
f 3280 3281 2689
f 3787 3830 3831
f 3604 3624 3625
f 3639 3640 3675
f 3722 3769 3770
f 3772 3773 2718
f 2718 2754 2755
f 2761 2068 2059
f 2059 2040 1996
f 1972 1971 1960
f 1960 2155 2154
f 2154 3570 3571
f 3579 3580 3599
f 3422 3448 3451
f 3529 3530 2122
f 2122 2110 2109
f 2109 2317 2339
f 2168 2169 2608
f 2420 2435 2444
f 2454 2455 2485
f 2541 2542 2561
f 2561 2270 2271
f 2096 2095 2808
f 2824 2869 2870
f 2676 2677 3300
f 3331 3332 3121
f 3122 3123 3075
f 3089 3116 3117
f 2882 2912 2913
f 2929 2930 2954
f 3247 3263 3264
f 3279 3280 2689
f 3787 3831 3832
f 3604 3625 3626
f 3638 3639 3675
f 3722 3770 3771
f 3771 3772 2718
f 2718 2755 2756
f 2760 2761 2059
f 2059 1996 1995
f 1973 1972 1960
f 2154 3571 3572
f 3578 3579 3599
f 3422 3451 3479
f 3528 3529 2122
f 2122 2109 2339
f 2167 2168 2608
f 2419 2420 2444
f 2453 2454 2485
f 2561 2271 2272
f 2096 2808 2809
f 2824 2870 2871
f 2675 2676 3300
f 3330 3331 3121
f 3122 3075 3076
f 3089 3117 3118
f 2882 2913 2914
f 2928 2929 2954
f 3247 3264 3265
f 3278 3279 2689
f 3604 3626 3627
f 3637 3638 3675
f 3722 3771 2718
f 2759 2760 2059
f 2059 1995 1994
f 1974 1973 1960
f 2154 3572 3573
f 3577 3578 3599
f 3422 3479 3480
f 3527 3528 2122
f 2122 2339 2340
f 2166 2167 2608
f 2419 2444 2450
f 2561 2272 2273
f 2096 2809 2823
f 2674 2675 3300
f 3329 3330 3121
f 3122 3076 3077
f 3088 3089 3118
f 2882 2914 2915
f 2927 2928 2954
f 3247 3265 3266
f 3277 3278 2689
f 3604 3627 3628
f 3636 3637 3675
f 3721 3722 2718
f 2758 2759 2059
f 2059 1994 1993
f 1975 1974 1960
f 2154 3573 3574
f 3576 3577 3599
f 2122 2340 2341
f 2165 2166 2608
f 2419 2450 2453
f 2561 2273 2274
f 2096 2823 2824
f 2673 2674 3300
f 3328 3329 3121
f 3088 3118 3119
f 2926 2927 2954
f 3247 3266 3267
f 3276 3277 2689
f 3604 3628 3629
f 3635 3636 3675
f 3717 3721 2718
f 2757 2758 2059
f 1976 1975 1960
f 2154 3574 3575
f 3575 3576 3599
f 2122 2341 2343
f 2164 2165 2608
f 2561 2274 2277
f 2096 2824 2871
f 2672 2673 3300
f 3327 3328 3121
f 3088 3119 3120
f 2925 2926 2954
f 3247 3267 3268
f 3275 3276 2689
f 3604 3629 3630
f 3634 3635 3675
f 3707 3717 2718
f 2756 2757 2059
f 1977 1976 1960
f 2154 3575 3599
f 2122 2343 2348
f 2163 2164 2608
f 2561 2277 2278
f 2096 2871 2872
f 2671 2672 3300
f 3088 3120 2881
f 2924 2925 2954
f 3247 3268 3269
f 3274 3275 2689
f 3633 3634 3675
f 3692 3707 2718
f 2718 2756 2059
f 1978 1977 1960
f 2154 3599 3361
f 2122 2348 2398
f 2162 2163 2608
f 2561 2278 2279
f 2096 2872 2873
f 2670 2671 3300
f 2923 2924 2954
f 3247 3269 3270
f 3273 3274 2689
f 3633 3675 3676
f 3685 3692 2718
f 1979 1978 1960
f 1960 2154 3361
f 2122 2398 2161
f 2161 2162 2608
f 2561 2279 2280
f 2096 2873 2874
f 2669 2670 3300
f 2922 2923 2954
f 3247 3270 3271
f 3272 3273 2689
f 3633 3676 3677
f 3685 2718 2059
f 1980 1979 1960
f 1960 3361 3421
f 3527 2122 2161
f 2561 2280 2281
f 2096 2874 2875
f 2668 2669 3300
f 2921 2922 2954
f 3246 3247 3271
f 3271 3272 2689
f 3633 3677 3678
f 1981 1980 1960
f 1960 3421 3422
f 3526 3527 2161
f 2096 2875 2876
f 2667 2668 3300
f 2920 2921 2954
f 3246 3271 2689
f 3633 3678 3679
f 1982 1981 1960
f 3525 3526 2161
f 2096 2876 2877
f 2666 2667 3300
f 2919 2920 2954
f 3245 3246 2689
f 1983 1982 1960
f 3524 3525 2161
f 2096 2877 2878
f 2665 2666 3300
f 2918 2919 2954
f 3244 3245 2689
f 1984 1983 1960
f 3523 3524 2161
f 2096 2878 2879
f 2664 2665 3300
f 2917 2918 2954
f 3243 3244 2689
f 1985 1984 1960
f 3522 3523 2161
f 2096 2879 2880
f 2663 2664 3300
f 2916 2917 2954
f 3242 3243 2689
f 1986 1985 1960
f 3521 3522 2161
f 2096 2880 2641
f 2662 2663 3300
f 2915 2916 2954
f 3241 3242 2689
f 1987 1986 1960
f 3520 3521 2161
f 2312 2096 2641
f 2661 2662 3300
f 2882 2915 2954
f 3241 2689 2704
f 1988 1987 1960
f 3519 3520 2161
f 2286 2312 2641
f 2660 2661 3300
f 3241 2704 3787
f 1989 1988 1960
f 3518 3519 2161
f 2285 2286 2641
f 2659 2660 3300
f 3240 3241 3787
f 1990 1989 1960
f 3517 3518 2161
f 2284 2285 2641
f 2658 2659 3300
f 3216 3240 3787
f 1991 1990 1960
f 3516 3517 2161
f 2283 2284 2641
f 2657 2658 3300
f 3215 3216 3787
f 1992 1991 1960
f 3515 3516 2161
f 2282 2283 2641
f 2656 2657 3300
f 3214 3215 3787
f 1993 1992 1960
f 3514 3515 2161
f 2281 2282 2641
f 2655 2656 3300
f 3213 3214 3787
f 3513 3514 2161
f 2281 2641 2642
f 2654 2655 3300
f 3212 3213 3787
f 3512 3513 2161
f 2281 2642 2643
f 2653 2654 3300
f 3211 3212 3787
f 3511 3512 2161
f 2281 2643 2644
f 2652 2653 3300
f 3210 3211 3787
f 3510 3511 2161
f 2281 2644 2645
f 2651 2652 3300
f 3209 3210 3787
f 3509 3510 2161
f 2281 2645 2646
f 2650 2651 3300
f 3188 3209 3787
f 3508 3509 2161
f 2281 2646 2647
f 2649 2650 3300
f 3188 3787 3832
f 3507 3508 2161
f 2281 2647 2648
f 2648 2649 3300
f 3188 3832 3833
f 3506 3507 2161
f 2281 2648 3300
f 3188 3833 3834
f 3505 3506 2161
f 2281 3300 3301
f 3188 3834 3835
f 3504 3505 2161
f 2561 2281 3301
f 3188 3835 3836
f 3503 3504 2161
f 2561 3301 3302
f 3188 3836 3837
f 3502 3503 2161
f 2561 3302 3303
f 3188 3837 3838
f 3501 3502 2161
f 2561 3303 3304
f 3188 3838 3839
f 3500 3501 2161
f 2561 3304 3305
f 3188 3839 3840
f 3499 3500 2161
f 2561 3305 3306
f 3188 3840 3601
f 3498 3499 2161
f 2561 3306 3307
f 3072 3188 3601
f 3497 3498 2161
f 2561 3307 3308
f 3072 3601 3602
f 3496 3497 2161
f 2561 3308 3309
f 3021 3072 3602
f 3495 3496 2161
f 2561 3309 3310
f 3002 3021 3602
f 3494 3495 2161
f 2561 3310 3311
f 3001 3002 3602
f 3493 3494 2161
f 2561 3311 3312
f 3001 3602 3603
f 3492 3493 2161
f 2561 3312 3313
f 3001 3603 3604
f 3491 3492 2161
f 2561 3313 3314
f 3001 3604 3630
f 3490 3491 2161
f 2561 3314 3315
f 3001 3630 3631
f 3489 3490 2161
f 2561 3315 3316
f 3001 3631 3632
f 3488 3489 2161
f 2561 3316 3317
f 3001 3632 3633
f 3487 3488 2161
f 2561 3317 3318
f 3001 3633 3679
f 3486 3487 2161
f 2561 3318 3319
f 3001 3679 3680
f 3485 3486 2161
f 2561 3319 3320
f 3001 3680 3681
f 3484 3485 2161
f 2561 3320 3321
f 3001 3681 3682
f 3483 3484 2161
f 2561 3321 3322
f 3001 3682 3683
f 3482 3483 2161
f 2561 3322 3323
f 3001 3683 3684
f 3482 2161 2608
f 2561 3323 3324
f 3001 3684 3685
f 3481 3482 2608
f 2561 3324 3325
f 3001 3685 2059
f 3480 3481 2608
f 2561 3325 3326
f 3001 2059 1993
f 3422 3480 2608
f 2561 3326 3327
f 2955 3001 1993
f 3422 2608 2609
f 2561 3327 3121
f 2954 2955 1993
f 3422 2609 2610
f 2541 2561 3121
f 2882 2954 1993
f 3422 2610 2401
f 2540 2541 3121
f 2881 2882 1993
f 1960 3422 2401
f 2539 2540 3121
f 2881 1993 1960
f 1960 2401 2402
f 2538 2539 3121
f 1960 2402 2405
f 2537 2538 3121
f 1960 2405 2406
f 2536 2537 3121
f 1960 2406 2407
f 2535 2536 3121
f 1960 2407 2418
f 2534 2535 3121
f 1960 2418 2419
f 2528 2534 3121
f 1960 2419 2453
f 2527 2528 3121
f 1960 2453 2485
f 2526 2527 3121
f 2881 1960 2485
f 2525 2526 3121
f 2881 2485 2486
f 2524 2525 3121
f 3088 2881 2486
f 2524 3121 3122
f 3087 3088 2486
f 2523 2524 3122
f 3077 3087 2486
f 2522 2523 3122
f 3077 2486 2487
f 2521 2522 3122
f 3077 2487 2488
f 2521 3122 3077
f 3077 2488 2489
f 2520 2521 3077
f 3077 2489 2490
f 2513 2520 3077
f 3077 2490 2491
f 2512 2513 3077
f 3077 2491 2492
f 2495 2512 3077
f 3077 2492 2493
f 2494 2495 3077
f 3077 2493 2494
f 1921 1922 1
f 1 1922 2
f 1922 1923 2
f 2 1923 3
f 1923 1924 3
f 3 1924 4
f 1924 1925 4
f 4 1925 5
f 1925 1926 5
f 5 1926 6
f 1926 1927 6
f 6 1927 7
f 1927 1928 7
f 7 1928 8
f 1928 1929 8
f 8 1929 9
f 1929 1930 9
f 9 1930 10
f 1930 1931 10
f 10 1931 11
f 1931 1932 11
f 11 1932 12
f 1932 1933 12
f 12 1933 13
f 1933 1934 13
f 13 1934 14
f 1934 1935 14
f 14 1935 15
f 1935 1936 15
f 15 1936 16
f 1936 1937 16
f 16 1937 17
f 1937 1938 17
f 17 1938 18
f 1938 1939 18
f 18 1939 19
f 1939 1940 19
f 19 1940 20
f 1940 1941 20
f 20 1941 21
f 1941 1942 21
f 21 1942 22
f 1942 1943 22
f 22 1943 23
f 1943 1944 23
f 23 1944 24
f 1944 1945 24
f 24 1945 25
f 1945 1946 25
f 25 1946 26
f 1946 1947 26
f 26 1947 27
f 1947 1948 27
f 27 1948 28
f 1948 1949 28
f 28 1949 29
f 1949 1950 29
f 29 1950 30
f 1950 1951 30
f 30 1951 31
f 1951 1952 31
f 31 1952 32
f 1952 1953 32
f 32 1953 33
f 1953 1954 33
f 33 1954 34
f 1954 1955 34
f 34 1955 35
f 1955 1956 35
f 35 1956 36
f 1956 1957 36
f 36 1957 37
f 1957 1958 37
f 37 1958 38
f 1958 1959 38
f 38 1959 39
f 1959 1960 39
f 39 1960 40
f 1960 1961 40
f 40 1961 41
f 1961 1962 41
f 41 1962 42
f 1962 1963 42
f 42 1963 43
f 1963 1964 43
f 43 1964 44
f 1964 1965 44
f 44 1965 45
f 1965 1966 45
f 45 1966 46
f 1966 1967 46
f 46 1967 47
f 1967 1968 47
f 47 1968 48
f 1968 1969 48
f 48 1969 49
f 1969 1970 49
f 49 1970 50
f 1970 1971 50
f 50 1971 51
f 1971 1972 51
f 51 1972 52
f 1972 1973 52
f 52 1973 53
f 1973 1974 53
f 53 1974 54
f 1974 1975 54
f 54 1975 55
f 1975 1976 55
f 55 1976 56
f 1976 1977 56
f 56 1977 57
f 1977 1978 57
f 57 1978 58
f 1978 1979 58
f 58 1979 59
f 1979 1980 59
f 59 1980 60
f 1980 1981 60
f 60 1981 61
f 1981 1982 61
f 61 1982 62
f 1982 1983 62
f 62 1983 63
f 1983 1984 63
f 63 1984 64
f 1984 1985 64
f 64 1985 65
f 1985 1986 65
f 65 1986 66
f 1986 1987 66
f 66 1987 67
f 1987 1988 67
f 67 1988 68
f 1988 1989 68
f 68 1989 69
f 1989 1990 69
f 69 1990 70
f 1990 1991 70
f 70 1991 71
f 1991 1992 71
f 71 1992 72
f 1992 1993 72
f 72 1993 73
f 1993 1994 73
f 73 1994 74
f 1994 1995 74
f 74 1995 75
f 1995 1996 75
f 75 1996 76
f 1996 1997 76
f 76 1997 77
f 1997 1998 77
f 77 1998 78
f 1998 1999 78
f 78 1999 79
f 1999 2000 79
f 79 2000 80
f 2000 2001 80
f 80 2001 81
f 2001 2002 81
f 81 2002 82
f 2002 2003 82
f 82 2003 83
f 2003 2004 83
f 83 2004 84
f 2004 2005 84
f 84 2005 85
f 2005 2006 85
f 85 2006 86
f 2006 2007 86
f 86 2007 87
f 2007 2008 87
f 87 2008 88
f 2008 2009 88
f 88 2009 89
f 2009 2010 89
f 89 2010 90
f 2010 2011 90
f 90 2011 91
f 2011 2012 91
f 91 2012 92
f 2012 2013 92
f 92 2013 93
f 2013 2014 93
f 93 2014 94
f 2014 2015 94
f 94 2015 95
f 2015 2016 95
f 95 2016 96
f 2016 2017 96
f 96 2017 97
f 2017 2018 97
f 97 2018 98
f 2018 2019 98
f 98 2019 99
f 2019 2020 99
f 99 2020 100
f 2020 2021 100
f 100 2021 101
f 2021 2022 101
f 101 2022 102
f 2022 2023 102
f 102 2023 103
f 2023 2024 103
f 103 2024 104
f 2024 2025 104
f 104 2025 105
f 2025 2026 105
f 105 2026 106
f 2026 2027 106
f 106 2027 107
f 2027 2028 107
f 107 2028 108
f 2028 2029 108
f 108 2029 109
f 2029 2030 109
f 109 2030 110
f 2030 2031 110
f 110 2031 111
f 2031 2032 111
f 111 2032 112
f 2032 2033 112
f 112 2033 113
f 2033 2034 113
f 113 2034 114
f 2034 2035 114
f 114 2035 115
f 2035 2036 115
f 115 2036 116
f 2036 2037 116
f 116 2037 117
f 2037 2038 117
f 117 2038 118
f 2038 2039 118
f 118 2039 119
f 2039 2040 119
f 119 2040 120
f 2040 2041 120
f 120 2041 121
f 2041 2042 121
f 121 2042 122
f 2042 2043 122
f 122 2043 123
f 2043 2044 123
f 123 2044 124
f 2044 2045 124
f 124 2045 125
f 2045 2046 125
f 125 2046 126
f 2046 2047 126
f 126 2047 127
f 2047 2048 127
f 127 2048 128
f 2048 2049 128
f 128 2049 129
f 2049 2050 129
f 129 2050 130
f 2050 2051 130
f 130 2051 131
f 2051 2052 131
f 131 2052 132
f 2052 2053 132
f 132 2053 133
f 2053 2054 133
f 133 2054 134
f 2054 2055 134
f 134 2055 135
f 2055 2056 135
f 135 2056 136
f 2056 2057 136
f 136 2057 137
f 2057 2058 137
f 137 2058 138
f 2058 2059 138
f 138 2059 139
f 2059 2060 139
f 139 2060 140
f 2060 2061 140
f 140 2061 141
f 2061 2062 141
f 141 2062 142
f 2062 2063 142
f 142 2063 143
f 2063 2064 143
f 143 2064 144
f 2064 2065 144
f 144 2065 145
f 2065 2066 145
f 145 2066 146
f 2066 2067 146
f 146 2067 147
f 2067 2068 147
f 147 2068 148
f 2068 2069 148
f 148 2069 149
f 2069 2070 149
f 149 2070 150
f 2070 2071 150
f 150 2071 151
f 2071 2072 151
f 151 2072 152
f 2072 2073 152
f 152 2073 153
f 2073 2074 153
f 153 2074 154
f 2074 2075 154
f 154 2075 155
f 2075 2076 155
f 155 2076 156
f 2076 2077 156
f 156 2077 157
f 2077 2078 157
f 157 2078 158
f 2078 2079 158
f 158 2079 159
f 2079 2080 159
f 159 2080 160
f 2080 2081 160
f 160 2081 161
f 2081 2082 161
f 161 2082 162
f 2082 2083 162
f 162 2083 163
f 2083 2084 163
f 163 2084 164
f 2084 2085 164
f 164 2085 165
f 2085 2086 165
f 165 2086 166
f 2086 2087 166
f 166 2087 167
f 2087 2088 167
f 167 2088 168
f 2088 2089 168
f 168 2089 169
f 2089 2090 169
f 169 2090 170
f 2090 2091 170
f 170 2091 171
f 2091 2092 171
f 171 2092 172
f 2092 2093 172
f 172 2093 173
f 2093 2094 173
f 173 2094 174
f 2094 2095 174
f 174 2095 175
f 2095 2096 175
f 175 2096 176
f 2096 2097 176
f 176 2097 177
f 2097 2098 177
f 177 2098 178
f 2098 2099 178
f 178 2099 179
f 2099 2100 179
f 179 2100 180
f 2100 2101 180
f 180 2101 181
f 2101 2102 181
f 181 2102 182
f 2102 2103 182
f 182 2103 183
f 2103 2104 183
f 183 2104 184
f 2104 2105 184
f 184 2105 185
f 2105 2106 185
f 185 2106 186
f 2106 2107 186
f 186 2107 187
f 2107 2108 187
f 187 2108 188
f 2108 2109 188
f 188 2109 189
f 2109 2110 189
f 189 2110 190
f 2110 2111 190
f 190 2111 191
f 2111 2112 191
f 191 2112 192
f 2112 2113 192
f 192 2113 193
f 2113 2114 193
f 193 2114 194
f 2114 2115 194
f 194 2115 195
f 2115 2116 195
f 195 2116 196
f 2116 2117 196
f 196 2117 197
f 2117 2118 197
f 197 2118 198
f 2118 2119 198
f 198 2119 199
f 2119 2120 199
f 199 2120 200
f 2120 2121 200
f 200 2121 201
f 2121 2122 201
f 201 2122 202
f 2122 2123 202
f 202 2123 203
f 2123 2124 203
f 203 2124 204
f 2124 2125 204
f 204 2125 205
f 2125 2126 205
f 205 2126 206
f 2126 2127 206
f 206 2127 207
f 2127 2128 207
f 207 2128 208
f 2128 2129 208
f 208 2129 209
f 2129 2130 209
f 209 2130 210
f 2130 2131 210
f 210 2131 211
f 2131 2132 211
f 211 2132 212
f 2132 2133 212
f 212 2133 213
f 2133 2134 213
f 213 2134 214
f 2134 2135 214
f 214 2135 215
f 2135 2136 215
f 215 2136 216
f 2136 2137 216
f 216 2137 217
f 2137 2138 217
f 217 2138 218
f 2138 2139 218
f 218 2139 219
f 2139 2140 219
f 219 2140 220
f 2140 2141 220
f 220 2141 221
f 2141 2142 221
f 221 2142 222
f 2142 2143 222
f 222 2143 223
f 2143 2144 223
f 223 2144 224
f 2144 2145 224
f 224 2145 225
f 2145 2146 225
f 225 2146 226
f 2146 2147 226
f 226 2147 227
f 2147 2148 227
f 227 2148 228
f 2148 2149 228
f 228 2149 229
f 2149 2150 229
f 229 2150 230
f 2150 2151 230
f 230 2151 231
f 2151 2152 231
f 231 2152 232
f 2152 2153 232
f 232 2153 233
f 2153 2154 233
f 233 2154 234
f 2154 2155 234
f 234 2155 235
f 2155 2156 235
f 235 2156 236
f 2156 2157 236
f 236 2157 237
f 2157 2158 237
f 237 2158 238
f 2158 2159 238
f 238 2159 239
f 2160 1921 240
f 240 1921 1
f 2159 2160 239
f 239 2160 240
f 2162 2161 242
f 242 2161 241
f 2163 2162 243
f 243 2162 242
f 2164 2163 244
f 244 2163 243
f 2165 2164 245
f 245 2164 244
f 2166 2165 246
f 246 2165 245
f 2167 2166 247
f 247 2166 246
f 2168 2167 248
f 248 2167 247
f 2169 2168 249
f 249 2168 248
f 2170 2169 250
f 250 2169 249
f 2171 2170 251
f 251 2170 250
f 2172 2171 252
f 252 2171 251
f 2173 2172 253
f 253 2172 252
f 2174 2173 254
f 254 2173 253
f 2175 2174 255
f 255 2174 254
f 2176 2175 256
f 256 2175 255
f 2177 2176 257
f 257 2176 256
f 2178 2177 258
f 258 2177 257
f 2179 2178 259
f 259 2178 258
f 2180 2179 260
f 260 2179 259
f 2181 2180 261
f 261 2180 260
f 2182 2181 262
f 262 2181 261
f 2183 2182 263
f 263 2182 262
f 2184 2183 264
f 264 2183 263
f 2185 2184 265
f 265 2184 264
f 2186 2185 266
f 266 2185 265
f 2187 2186 267
f 267 2186 266
f 2188 2187 268
f 268 2187 267
f 2189 2188 269
f 269 2188 268
f 2190 2189 270
f 270 2189 269
f 2191 2190 271
f 271 2190 270
f 2192 2191 272
f 272 2191 271
f 2193 2192 273
f 273 2192 272
f 2194 2193 274
f 274 2193 273
f 2195 2194 275
f 275 2194 274
f 2196 2195 276
f 276 2195 275
f 2197 2196 277
f 277 2196 276
f 2198 2197 278
f 278 2197 277
f 2199 2198 279
f 279 2198 278
f 2200 2199 280
f 280 2199 279
f 2201 2200 281
f 281 2200 280
f 2202 2201 282
f 282 2201 281
f 2203 2202 283
f 283 2202 282
f 2204 2203 284
f 284 2203 283
f 2205 2204 285
f 285 2204 284
f 2206 2205 286
f 286 2205 285
f 2207 2206 287
f 287 2206 286
f 2208 2207 288
f 288 2207 287
f 2209 2208 289
f 289 2208 288
f 2210 2209 290
f 290 2209 289
f 2211 2210 291
f 291 2210 290
f 2212 2211 292
f 292 2211 291
f 2213 2212 293
f 293 2212 292
f 2214 2213 294
f 294 2213 293
f 2215 2214 295
f 295 2214 294
f 2216 2215 296
f 296 2215 295
f 2217 2216 297
f 297 2216 296
f 2218 2217 298
f 298 2217 297
f 2219 2218 299
f 299 2218 298
f 2220 2219 300
f 300 2219 299
f 2221 2220 301
f 301 2220 300
f 2222 2221 302
f 302 2221 301
f 2223 2222 303
f 303 2222 302
f 2224 2223 304
f 304 2223 303
f 2225 2224 305
f 305 2224 304
f 2226 2225 306
f 306 2225 305
f 2227 2226 307
f 307 2226 306
f 2228 2227 308
f 308 2227 307
f 2229 2228 309
f 309 2228 308
f 2230 2229 310
f 310 2229 309
f 2231 2230 311
f 311 2230 310
f 2232 2231 312
f 312 2231 311
f 2233 2232 313
f 313 2232 312
f 2234 2233 314
f 314 2233 313
f 2235 2234 315
f 315 2234 314
f 2236 2235 316
f 316 2235 315
f 2237 2236 317
f 317 2236 316
f 2238 2237 318
f 318 2237 317
f 2239 2238 319
f 319 2238 318
f 2240 2239 320
f 320 2239 319
f 2241 2240 321
f 321 2240 320
f 2242 2241 322
f 322 2241 321
f 2243 2242 323
f 323 2242 322
f 2244 2243 324
f 324 2243 323
f 2245 2244 325
f 325 2244 324
f 2246 2245 326
f 326 2245 325
f 2247 2246 327
f 327 2246 326
f 2248 2247 328
f 328 2247 327
f 2249 2248 329
f 329 2248 328
f 2250 2249 330
f 330 2249 329
f 2251 2250 331
f 331 2250 330
f 2252 2251 332
f 332 2251 331
f 2253 2252 333
f 333 2252 332
f 2254 2253 334
f 334 2253 333
f 2255 2254 335
f 335 2254 334
f 2256 2255 336
f 336 2255 335
f 2257 2256 337
f 337 2256 336
f 2258 2257 338
f 338 2257 337
f 2259 2258 339
f 339 2258 338
f 2260 2259 340
f 340 2259 339
f 2261 2260 341
f 341 2260 340
f 2262 2261 342
f 342 2261 341
f 2263 2262 343
f 343 2262 342
f 2264 2263 344
f 344 2263 343
f 2265 2264 345
f 345 2264 344
f 2266 2265 346
f 346 2265 345
f 2267 2266 347
f 347 2266 346
f 2268 2267 348
f 348 2267 347
f 2269 2268 349
f 349 2268 348
f 2270 2269 350
f 350 2269 349
f 2271 2270 351
f 351 2270 350
f 2272 2271 352
f 352 2271 351
f 2273 2272 353
f 353 2272 352
f 2274 2273 354
f 354 2273 353
f 2275 2274 355
f 355 2274 354
f 2276 2275 356
f 356 2275 355
f 2277 2276 357
f 357 2276 356
f 2278 2277 358
f 358 2277 357
f 2279 2278 359
f 359 2278 358
f 2280 2279 360
f 360 2279 359
f 2281 2280 361
f 361 2280 360
f 2282 2281 362
f 362 2281 361
f 2283 2282 363
f 363 2282 362
f 2284 2283 364
f 364 2283 363
f 2285 2284 365
f 365 2284 364
f 2286 2285 366
f 366 2285 365
f 2287 2286 367
f 367 2286 366
f 2288 2287 368
f 368 2287 367
f 2289 2288 369
f 369 2288 368
f 2290 2289 370
f 370 2289 369
f 2291 2290 371
f 371 2290 370
f 2292 2291 372
f 372 2291 371
f 2293 2292 373
f 373 2292 372
f 2294 2293 374
f 374 2293 373
f 2295 2294 375
f 375 2294 374
f 2296 2295 376
f 376 2295 375
f 2297 2296 377
f 377 2296 376
f 2298 2297 378
f 378 2297 377
f 2299 2298 379
f 379 2298 378
f 2300 2299 380
f 380 2299 379
f 2301 2300 381
f 381 2300 380
f 2302 2301 382
f 382 2301 381
f 2303 2302 383
f 383 2302 382
f 2304 2303 384
f 384 2303 383
f 2305 2304 385
f 385 2304 384
f 2306 2305 386
f 386 2305 385
f 2307 2306 387
f 387 2306 386
f 2308 2307 388
f 388 2307 387
f 2309 2308 389
f 389 2308 388
f 2310 2309 390
f 390 2309 389
f 2311 2310 391
f 391 2310 390
f 2312 2311 392
f 392 2311 391
f 2313 2312 393
f 393 2312 392
f 2314 2313 394
f 394 2313 393
f 2315 2314 395
f 395 2314 394
f 2316 2315 396
f 396 2315 395
f 2317 2316 397
f 397 2316 396
f 2318 2317 398
f 398 2317 397
f 2319 2318 399
f 399 2318 398
f 2320 2319 400
f 400 2319 399
f 2321 2320 401
f 401 2320 400
f 2322 2321 402
f 402 2321 401
f 2323 2322 403
f 403 2322 402
f 2324 2323 404
f 404 2323 403
f 2325 2324 405
f 405 2324 404
f 2326 2325 406
f 406 2325 405
f 2327 2326 407
f 407 2326 406
f 2328 2327 408
f 408 2327 407
f 2329 2328 409
f 409 2328 408
f 2330 2329 410
f 410 2329 409
f 2331 2330 411
f 411 2330 410
f 2332 2331 412
f 412 2331 411
f 2333 2332 413
f 413 2332 412
f 2334 2333 414
f 414 2333 413
f 2335 2334 415
f 415 2334 414
f 2336 2335 416
f 416 2335 415
f 2337 2336 417
f 417 2336 416
f 2338 2337 418
f 418 2337 417
f 2339 2338 419
f 419 2338 418
f 2340 2339 420
f 420 2339 419
f 2341 2340 421
f 421 2340 420
f 2342 2341 422
f 422 2341 421
f 2343 2342 423
f 423 2342 422
f 2344 2343 424
f 424 2343 423
f 2345 2344 425
f 425 2344 424
f 2346 2345 426
f 426 2345 425
f 2347 2346 427
f 427 2346 426
f 2348 2347 428
f 428 2347 427
f 2349 2348 429
f 429 2348 428
f 2350 2349 430
f 430 2349 429
f 2351 2350 431
f 431 2350 430
f 2352 2351 432
f 432 2351 431
f 2353 2352 433
f 433 2352 432
f 2354 2353 434
f 434 2353 433
f 2355 2354 435
f 435 2354 434
f 2356 2355 436
f 436 2355 435
f 2357 2356 437
f 437 2356 436
f 2358 2357 438
f 438 2357 437
f 2359 2358 439
f 439 2358 438
f 2360 2359 440
f 440 2359 439
f 2361 2360 441
f 441 2360 440
f 2362 2361 442
f 442 2361 441
f 2363 2362 443
f 443 2362 442
f 2364 2363 444
f 444 2363 443
f 2365 2364 445
f 445 2364 444
f 2366 2365 446
f 446 2365 445
f 2367 2366 447
f 447 2366 446
f 2368 2367 448
f 448 2367 447
f 2369 2368 449
f 449 2368 448
f 2370 2369 450
f 450 2369 449
f 2371 2370 451
f 451 2370 450
f 2372 2371 452
f 452 2371 451
f 2373 2372 453
f 453 2372 452
f 2374 2373 454
f 454 2373 453
f 2375 2374 455
f 455 2374 454
f 2376 2375 456
f 456 2375 455
f 2377 2376 457
f 457 2376 456
f 2378 2377 458
f 458 2377 457
f 2379 2378 459
f 459 2378 458
f 2380 2379 460
f 460 2379 459
f 2381 2380 461
f 461 2380 460
f 2382 2381 462
f 462 2381 461
f 2383 2382 463
f 463 2382 462
f 2384 2383 464
f 464 2383 463
f 2385 2384 465
f 465 2384 464
f 2386 2385 466
f 466 2385 465
f 2387 2386 467
f 467 2386 466
f 2388 2387 468
f 468 2387 467
f 2389 2388 469
f 469 2388 468
f 2390 2389 470
f 470 2389 469
f 2391 2390 471
f 471 2390 470
f 2392 2391 472
f 472 2391 471
f 2393 2392 473
f 473 2392 472
f 2394 2393 474
f 474 2393 473
f 2395 2394 475
f 475 2394 474
f 2396 2395 476
f 476 2395 475
f 2397 2396 477
f 477 2396 476
f 2398 2397 478
f 478 2397 477
f 2399 2398 479
f 479 2398 478
f 2161 2400 241
f 241 2400 480
f 2400 2399 480
f 480 2399 479
f 2402 2401 482
f 482 2401 481
f 2403 2402 483
f 483 2402 482
f 2404 2403 484
f 484 2403 483
f 2405 2404 485
f 485 2404 484
f 2406 2405 486
f 486 2405 485
f 2407 2406 487
f 487 2406 486
f 2408 2407 488
f 488 2407 487
f 2409 2408 489
f 489 2408 488
f 2410 2409 490
f 490 2409 489
f 2411 2410 491
f 491 2410 490
f 2412 2411 492
f 492 2411 491
f 2413 2412 493
f 493 2412 492
f 2414 2413 494
f 494 2413 493
f 2415 2414 495
f 495 2414 494
f 2416 2415 496
f 496 2415 495
f 2417 2416 497
f 497 2416 496
f 2418 2417 498
f 498 2417 497
f 2419 2418 499
f 499 2418 498
f 2420 2419 500
f 500 2419 499
f 2421 2420 501
f 501 2420 500
f 2422 2421 502
f 502 2421 501
f 2423 2422 503
f 503 2422 502
f 2424 2423 504
f 504 2423 503
f 2425 2424 505
f 505 2424 504
f 2426 2425 506
f 506 2425 505
f 2427 2426 507
f 507 2426 506
f 2428 2427 508
f 508 2427 507
f 2429 2428 509
f 509 2428 508
f 2430 2429 510
f 510 2429 509
f 2431 2430 511
f 511 2430 510
f 2432 2431 512
f 512 2431 511
f 2433 2432 513
f 513 2432 512
f 2434 2433 514
f 514 2433 513
f 2435 2434 515
f 515 2434 514
f 2436 2435 516
f 516 2435 515
f 2437 2436 517
f 517 2436 516
f 2438 2437 518
f 518 2437 517
f 2439 2438 519
f 519 2438 518
f 2440 2439 520
f 520 2439 519
f 2441 2440 521
f 521 2440 520
f 2442 2441 522
f 522 2441 521
f 2443 2442 523
f 523 2442 522
f 2444 2443 524
f 524 2443 523
f 2445 2444 525
f 525 2444 524
f 2446 2445 526
f 526 2445 525
f 2447 2446 527
f 527 2446 526
f 2448 2447 528
f 528 2447 527
f 2449 2448 529
f 529 2448 528
f 2450 2449 530
f 530 2449 529
f 2451 2450 531
f 531 2450 530
f 2452 2451 532
f 532 2451 531
f 2453 2452 533
f 533 2452 532
f 2454 2453 534
f 534 2453 533
f 2455 2454 535
f 535 2454 534
f 2456 2455 536
f 536 2455 535
f 2457 2456 537
f 537 2456 536
f 2458 2457 538
f 538 2457 537
f 2459 2458 539
f 539 2458 538
f 2460 2459 540
f 540 2459 539
f 2461 2460 541
f 541 2460 540
f 2462 2461 542
f 542 2461 541
f 2463 2462 543
f 543 2462 542
f 2464 2463 544
f 544 2463 543
f 2465 2464 545
f 545 2464 544
f 2466 2465 546
f 546 2465 545
f 2467 2466 547
f 547 2466 546
f 2468 2467 548
f 548 2467 547
f 2469 2468 549
f 549 2468 548
f 2470 2469 550
f 550 2469 549
f 2471 2470 551
f 551 2470 550
f 2472 2471 552
f 552 2471 551
f 2473 2472 553
f 553 2472 552
f 2474 2473 554
f 554 2473 553
f 2475 2474 555
f 555 2474 554
f 2476 2475 556
f 556 2475 555
f 2477 2476 557
f 557 2476 556
f 2478 2477 558
f 558 2477 557
f 2479 2478 559
f 559 2478 558
f 2480 2479 560
f 560 2479 559
f 2481 2480 561
f 561 2480 560
f 2482 2481 562
f 562 2481 561
f 2483 2482 563
f 563 2482 562
f 2484 2483 564
f 564 2483 563
f 2485 2484 565
f 565 2484 564
f 2486 2485 566
f 566 2485 565
f 2487 2486 567
f 567 2486 566
f 2488 2487 568
f 568 2487 567
f 2489 2488 569
f 569 2488 568
f 2490 2489 570
f 570 2489 569
f 2491 2490 571
f 571 2490 570
f 2492 2491 572
f 572 2491 571
f 2493 2492 573
f 573 2492 572
f 2494 2493 574
f 574 2493 573
f 2495 2494 575
f 575 2494 574
f 2496 2495 576
f 576 2495 575
f 2497 2496 577
f 577 2496 576
f 2498 2497 578
f 578 2497 577
f 2499 2498 579
f 579 2498 578
f 2500 2499 580
f 580 2499 579
f 2501 2500 581
f 581 2500 580
f 2502 2501 582
f 582 2501 581
f 2503 2502 583
f 583 2502 582
f 2504 2503 584
f 584 2503 583
f 2505 2504 585
f 585 2504 584
f 2506 2505 586
f 586 2505 585
f 2507 2506 587
f 587 2506 586
f 2508 2507 588
f 588 2507 587
f 2509 2508 589
f 589 2508 588
f 2510 2509 590
f 590 2509 589
f 2511 2510 591
f 591 2510 590
f 2512 2511 592
f 592 2511 591
f 2513 2512 593
f 593 2512 592
f 2514 2513 594
f 594 2513 593
f 2515 2514 595
f 595 2514 594
f 2516 2515 596
f 596 2515 595
f 2517 2516 597
f 597 2516 596
f 2518 2517 598
f 598 2517 597
f 2519 2518 599
f 599 2518 598
f 2520 2519 600
f 600 2519 599
f 2521 2520 601
f 601 2520 600
f 2522 2521 602
f 602 2521 601
f 2523 2522 603
f 603 2522 602
f 2524 2523 604
f 604 2523 603
f 2525 2524 605
f 605 2524 604
f 2526 2525 606
f 606 2525 605
f 2527 2526 607
f 607 2526 606
f 2528 2527 608
f 608 2527 607
f 2529 2528 609
f 609 2528 608
f 2530 2529 610
f 610 2529 609
f 2531 2530 611
f 611 2530 610
f 2532 2531 612
f 612 2531 611
f 2533 2532 613
f 613 2532 612
f 2534 2533 614
f 614 2533 613
f 2535 2534 615
f 615 2534 614
f 2536 2535 616
f 616 2535 615
f 2537 2536 617
f 617 2536 616
f 2538 2537 618
f 618 2537 617
f 2539 2538 619
f 619 2538 618
f 2540 2539 620
f 620 2539 619
f 2541 2540 621
f 621 2540 620
f 2542 2541 622
f 622 2541 621
f 2543 2542 623
f 623 2542 622
f 2544 2543 624
f 624 2543 623
f 2545 2544 625
f 625 2544 624
f 2546 2545 626
f 626 2545 625
f 2547 2546 627
f 627 2546 626
f 2548 2547 628
f 628 2547 627
f 2549 2548 629
f 629 2548 628
f 2550 2549 630
f 630 2549 629
f 2551 2550 631
f 631 2550 630
f 2552 2551 632
f 632 2551 631
f 2553 2552 633
f 633 2552 632
f 2554 2553 634
f 634 2553 633
f 2555 2554 635
f 635 2554 634
f 2556 2555 636
f 636 2555 635
f 2557 2556 637
f 637 2556 636
f 2558 2557 638
f 638 2557 637
f 2559 2558 639
f 639 2558 638
f 2560 2559 640
f 640 2559 639
f 2561 2560 641
f 641 2560 640
f 2562 2561 642
f 642 2561 641
f 2563 2562 643
f 643 2562 642
f 2564 2563 644
f 644 2563 643
f 2565 2564 645
f 645 2564 644
f 2566 2565 646
f 646 2565 645
f 2567 2566 647
f 647 2566 646
f 2568 2567 648
f 648 2567 647
f 2569 2568 649
f 649 2568 648
f 2570 2569 650
f 650 2569 649
f 2571 2570 651
f 651 2570 650
f 2572 2571 652
f 652 2571 651
f 2573 2572 653
f 653 2572 652
f 2574 2573 654
f 654 2573 653
f 2575 2574 655
f 655 2574 654
f 2576 2575 656
f 656 2575 655
f 2577 2576 657
f 657 2576 656
f 2578 2577 658
f 658 2577 657
f 2579 2578 659
f 659 2578 658
f 2580 2579 660
f 660 2579 659
f 2581 2580 661
f 661 2580 660
f 2582 2581 662
f 662 2581 661
f 2583 2582 663
f 663 2582 662
f 2584 2583 664
f 664 2583 663
f 2585 2584 665
f 665 2584 664
f 2586 2585 666
f 666 2585 665
f 2587 2586 667
f 667 2586 666
f 2588 2587 668
f 668 2587 667
f 2589 2588 669
f 669 2588 668
f 2590 2589 670
f 670 2589 669
f 2591 2590 671
f 671 2590 670
f 2592 2591 672
f 672 2591 671
f 2593 2592 673
f 673 2592 672
f 2594 2593 674
f 674 2593 673
f 2595 2594 675
f 675 2594 674
f 2596 2595 676
f 676 2595 675
f 2597 2596 677
f 677 2596 676
f 2598 2597 678
f 678 2597 677
f 2599 2598 679
f 679 2598 678
f 2600 2599 680
f 680 2599 679
f 2601 2600 681
f 681 2600 680
f 2602 2601 682
f 682 2601 681
f 2603 2602 683
f 683 2602 682
f 2604 2603 684
f 684 2603 683
f 2605 2604 685
f 685 2604 684
f 2606 2605 686
f 686 2605 685
f 2607 2606 687
f 687 2606 686
f 2608 2607 688
f 688 2607 687
f 2609 2608 689
f 689 2608 688
f 2610 2609 690
f 690 2609 689
f 2611 2610 691
f 691 2610 690
f 2612 2611 692
f 692 2611 691
f 2613 2612 693
f 693 2612 692
f 2614 2613 694
f 694 2613 693
f 2615 2614 695
f 695 2614 694
f 2616 2615 696
f 696 2615 695
f 2617 2616 697
f 697 2616 696
f 2618 2617 698
f 698 2617 697
f 2619 2618 699
f 699 2618 698
f 2620 2619 700
f 700 2619 699
f 2621 2620 701
f 701 2620 700
f 2622 2621 702
f 702 2621 701
f 2623 2622 703
f 703 2622 702
f 2624 2623 704
f 704 2623 703
f 2625 2624 705
f 705 2624 704
f 2626 2625 706
f 706 2625 705
f 2627 2626 707
f 707 2626 706
f 2628 2627 708
f 708 2627 707
f 2629 2628 709
f 709 2628 708
f 2630 2629 710
f 710 2629 709
f 2631 2630 711
f 711 2630 710
f 2632 2631 712
f 712 2631 711
f 2633 2632 713
f 713 2632 712
f 2634 2633 714
f 714 2633 713
f 2635 2634 715
f 715 2634 714
f 2636 2635 716
f 716 2635 715
f 2637 2636 717
f 717 2636 716
f 2638 2637 718
f 718 2637 717
f 2639 2638 719
f 719 2638 718
f 2401 2640 481
f 481 2640 720
f 2640 2639 720
f 720 2639 719
f 2642 2641 722
f 722 2641 721
f 2643 2642 723
f 723 2642 722
f 2644 2643 724
f 724 2643 723
f 2645 2644 725
f 725 2644 724
f 2646 2645 726
f 726 2645 725
f 2647 2646 727
f 727 2646 726
f 2648 2647 728
f 728 2647 727
f 2649 2648 729
f 729 2648 728
f 2650 2649 730
f 730 2649 729
f 2651 2650 731
f 731 2650 730
f 2652 2651 732
f 732 2651 731
f 2653 2652 733
f 733 2652 732
f 2654 2653 734
f 734 2653 733
f 2655 2654 735
f 735 2654 734
f 2656 2655 736
f 736 2655 735
f 2657 2656 737
f 737 2656 736
f 2658 2657 738
f 738 2657 737
f 2659 2658 739
f 739 2658 738
f 2660 2659 740
f 740 2659 739
f 2661 2660 741
f 741 2660 740
f 2662 2661 742
f 742 2661 741
f 2663 2662 743
f 743 2662 742
f 2664 2663 744
f 744 2663 743
f 2665 2664 745
f 745 2664 744
f 2666 2665 746
f 746 2665 745
f 2667 2666 747
f 747 2666 746
f 2668 2667 748
f 748 2667 747
f 2669 2668 749
f 749 2668 748
f 2670 2669 750
f 750 2669 749
f 2671 2670 751
f 751 2670 750
f 2672 2671 752
f 752 2671 751
f 2673 2672 753
f 753 2672 752
f 2674 2673 754
f 754 2673 753
f 2675 2674 755
f 755 2674 754
f 2676 2675 756
f 756 2675 755
f 2677 2676 757
f 757 2676 756
f 2678 2677 758
f 758 2677 757
f 2679 2678 759
f 759 2678 758
f 2680 2679 760
f 760 2679 759
f 2681 2680 761
f 761 2680 760
f 2682 2681 762
f 762 2681 761
f 2683 2682 763
f 763 2682 762
f 2684 2683 764
f 764 2683 763
f 2685 2684 765
f 765 2684 764
f 2686 2685 766
f 766 2685 765
f 2687 2686 767
f 767 2686 766
f 2688 2687 768
f 768 2687 767
f 2689 2688 769
f 769 2688 768
f 2690 2689 770
f 770 2689 769
f 2691 2690 771
f 771 2690 770
f 2692 2691 772
f 772 2691 771
f 2693 2692 773
f 773 2692 772
f 2694 2693 774
f 774 2693 773
f 2695 2694 775
f 775 2694 774
f 2696 2695 776
f 776 2695 775
f 2697 2696 777
f 777 2696 776
f 2698 2697 778
f 778 2697 777
f 2699 2698 779
f 779 2698 778
f 2700 2699 780
f 780 2699 779
f 2701 2700 781
f 781 2700 780
f 2702 2701 782
f 782 2701 781
f 2703 2702 783
f 783 2702 782
f 2704 2703 784
f 784 2703 783
f 2705 2704 785
f 785 2704 784
f 2706 2705 786
f 786 2705 785
f 2707 2706 787
f 787 2706 786
f 2708 2707 788
f 788 2707 787
f 2709 2708 789
f 789 2708 788
f 2710 2709 790
f 790 2709 789
f 2711 2710 791
f 791 2710 790
f 2712 2711 792
f 792 2711 791
f 2713 2712 793
f 793 2712 792
f 2714 2713 794
f 794 2713 793
f 2715 2714 795
f 795 2714 794
f 2716 2715 796
f 796 2715 795
f 2717 2716 797
f 797 2716 796
f 2718 2717 798
f 798 2717 797
f 2719 2718 799
f 799 2718 798
f 2720 2719 800
f 800 2719 799
f 2721 2720 801
f 801 2720 800
f 2722 2721 802
f 802 2721 801
f 2723 2722 803
f 803 2722 802
f 2724 2723 804
f 804 2723 803
f 2725 2724 805
f 805 2724 804
f 2726 2725 806
f 806 2725 805
f 2727 2726 807
f 807 2726 806
f 2728 2727 808
f 808 2727 807
f 2729 2728 809
f 809 2728 808
f 2730 2729 810
f 810 2729 809
f 2731 2730 811
f 811 2730 810
f 2732 2731 812
f 812 2731 811
f 2733 2732 813
f 813 2732 812
f 2734 2733 814
f 814 2733 813
f 2735 2734 815
f 815 2734 814
f 2736 2735 816
f 816 2735 815
f 2737 2736 817
f 817 2736 816
f 2738 2737 818
f 818 2737 817
f 2739 2738 819
f 819 2738 818
f 2740 2739 820
f 820 2739 819
f 2741 2740 821
f 821 2740 820
f 2742 2741 822
f 822 2741 821
f 2743 2742 823
f 823 2742 822
f 2744 2743 824
f 824 2743 823
f 2745 2744 825
f 825 2744 824
f 2746 2745 826
f 826 2745 825
f 2747 2746 827
f 827 2746 826
f 2748 2747 828
f 828 2747 827
f 2749 2748 829
f 829 2748 828
f 2750 2749 830
f 830 2749 829
f 2751 2750 831
f 831 2750 830
f 2752 2751 832
f 832 2751 831
f 2753 2752 833
f 833 2752 832
f 2754 2753 834
f 834 2753 833
f 2755 2754 835
f 835 2754 834
f 2756 2755 836
f 836 2755 835
f 2757 2756 837
f 837 2756 836
f 2758 2757 838
f 838 2757 837
f 2759 2758 839
f 839 2758 838
f 2760 2759 840
f 840 2759 839
f 2761 2760 841
f 841 2760 840
f 2762 2761 842
f 842 2761 841
f 2763 2762 843
f 843 2762 842
f 2764 2763 844
f 844 2763 843
f 2765 2764 845
f 845 2764 844
f 2766 2765 846
f 846 2765 845
f 2767 2766 847
f 847 2766 846
f 2768 2767 848
f 848 2767 847
f 2769 2768 849
f 849 2768 848
f 2770 2769 850
f 850 2769 849
f 2771 2770 851
f 851 2770 850
f 2772 2771 852
f 852 2771 851
f 2773 2772 853
f 853 2772 852
f 2774 2773 854
f 854 2773 853
f 2775 2774 855
f 855 2774 854
f 2776 2775 856
f 856 2775 855
f 2777 2776 857
f 857 2776 856
f 2778 2777 858
f 858 2777 857
f 2779 2778 859
f 859 2778 858
f 2780 2779 860
f 860 2779 859
f 2781 2780 861
f 861 2780 860
f 2782 2781 862
f 862 2781 861
f 2783 2782 863
f 863 2782 862
f 2784 2783 864
f 864 2783 863
f 2785 2784 865
f 865 2784 864
f 2786 2785 866
f 866 2785 865
f 2787 2786 867
f 867 2786 866
f 2788 2787 868
f 868 2787 867
f 2789 2788 869
f 869 2788 868
f 2790 2789 870
f 870 2789 869
f 2791 2790 871
f 871 2790 870
f 2792 2791 872
f 872 2791 871
f 2793 2792 873
f 873 2792 872
f 2794 2793 874
f 874 2793 873
f 2795 2794 875
f 875 2794 874
f 2796 2795 876
f 876 2795 875
f 2797 2796 877
f 877 2796 876
f 2798 2797 878
f 878 2797 877
f 2799 2798 879
f 879 2798 878
f 2800 2799 880
f 880 2799 879
f 2801 2800 881
f 881 2800 880
f 2802 2801 882
f 882 2801 881
f 2803 2802 883
f 883 2802 882
f 2804 2803 884
f 884 2803 883
f 2805 2804 885
f 885 2804 884
f 2806 2805 886
f 886 2805 885
f 2807 2806 887
f 887 2806 886
f 2808 2807 888
f 888 2807 887
f 2809 2808 889
f 889 2808 888
f 2810 2809 890
f 890 2809 889
f 2811 2810 891
f 891 2810 890
f 2812 2811 892
f 892 2811 891
f 2813 2812 893
f 893 2812 892
f 2814 2813 894
f 894 2813 893
f 2815 2814 895
f 895 2814 894
f 2816 2815 896
f 896 2815 895
f 2817 2816 897
f 897 2816 896
f 2818 2817 898
f 898 2817 897
f 2819 2818 899
f 899 2818 898
f 2820 2819 900
f 900 2819 899
f 2821 2820 901
f 901 2820 900
f 2822 2821 902
f 902 2821 901
f 2823 2822 903
f 903 2822 902
f 2824 2823 904
f 904 2823 903
f 2825 2824 905
f 905 2824 904
f 2826 2825 906
f 906 2825 905
f 2827 2826 907
f 907 2826 906
f 2828 2827 908
f 908 2827 907
f 2829 2828 909
f 909 2828 908
f 2830 2829 910
f 910 2829 909
f 2831 2830 911
f 911 2830 910
f 2832 2831 912
f 912 2831 911
f 2833 2832 913
f 913 2832 912
f 2834 2833 914
f 914 2833 913
f 2835 2834 915
f 915 2834 914
f 2836 2835 916
f 916 2835 915
f 2837 2836 917
f 917 2836 916
f 2838 2837 918
f 918 2837 917
f 2839 2838 919
f 919 2838 918
f 2840 2839 920
f 920 2839 919
f 2841 2840 921
f 921 2840 920
f 2842 2841 922
f 922 2841 921
f 2843 2842 923
f 923 2842 922
f 2844 2843 924
f 924 2843 923
f 2845 2844 925
f 925 2844 924
f 2846 2845 926
f 926 2845 925
f 2847 2846 927
f 927 2846 926
f 2848 2847 928
f 928 2847 927
f 2849 2848 929
f 929 2848 928
f 2850 2849 930
f 930 2849 929
f 2851 2850 931
f 931 2850 930
f 2852 2851 932
f 932 2851 931
f 2853 2852 933
f 933 2852 932
f 2854 2853 934
f 934 2853 933
f 2855 2854 935
f 935 2854 934
f 2856 2855 936
f 936 2855 935
f 2857 2856 937
f 937 2856 936
f 2858 2857 938
f 938 2857 937
f 2859 2858 939
f 939 2858 938
f 2860 2859 940
f 940 2859 939
f 2861 2860 941
f 941 2860 940
f 2862 2861 942
f 942 2861 941
f 2863 2862 943
f 943 2862 942
f 2864 2863 944
f 944 2863 943
f 2865 2864 945
f 945 2864 944
f 2866 2865 946
f 946 2865 945
f 2867 2866 947
f 947 2866 946
f 2868 2867 948
f 948 2867 947
f 2869 2868 949
f 949 2868 948
f 2870 2869 950
f 950 2869 949
f 2871 2870 951
f 951 2870 950
f 2872 2871 952
f 952 2871 951
f 2873 2872 953
f 953 2872 952
f 2874 2873 954
f 954 2873 953
f 2875 2874 955
f 955 2874 954
f 2876 2875 956
f 956 2875 955
f 2877 2876 957
f 957 2876 956
f 2878 2877 958
f 958 2877 957
f 2879 2878 959
f 959 2878 958
f 2641 2880 721
f 721 2880 960
f 2880 2879 960
f 960 2879 959
f 2882 2881 962
f 962 2881 961
f 2883 2882 963
f 963 2882 962
f 2884 2883 964
f 964 2883 963
f 2885 2884 965
f 965 2884 964
f 2886 2885 966
f 966 2885 965
f 2887 2886 967
f 967 2886 966
f 2888 2887 968
f 968 2887 967
f 2889 2888 969
f 969 2888 968
f 2890 2889 970
f 970 2889 969
f 2891 2890 971
f 971 2890 970
f 2892 2891 972
f 972 2891 971
f 2893 2892 973
f 973 2892 972
f 2894 2893 974
f 974 2893 973
f 2895 2894 975
f 975 2894 974
f 2896 2895 976
f 976 2895 975
f 2897 2896 977
f 977 2896 976
f 2898 2897 978
f 978 2897 977
f 2899 2898 979
f 979 2898 978
f 2900 2899 980
f 980 2899 979
f 2901 2900 981
f 981 2900 980
f 2902 2901 982
f 982 2901 981
f 2903 2902 983
f 983 2902 982
f 2904 2903 984
f 984 2903 983
f 2905 2904 985
f 985 2904 984
f 2906 2905 986
f 986 2905 985
f 2907 2906 987
f 987 2906 986
f 2908 2907 988
f 988 2907 987
f 2909 2908 989
f 989 2908 988
f 2910 2909 990
f 990 2909 989
f 2911 2910 991
f 991 2910 990
f 2912 2911 992
f 992 2911 991
f 2913 2912 993
f 993 2912 992
f 2914 2913 994
f 994 2913 993
f 2915 2914 995
f 995 2914 994
f 2916 2915 996
f 996 2915 995
f 2917 2916 997
f 997 2916 996
f 2918 2917 998
f 998 2917 997
f 2919 2918 999
f 999 2918 998
f 2920 2919 1000
f 1000 2919 999
f 2921 2920 1001
f 1001 2920 1000
f 2922 2921 1002
f 1002 2921 1001
f 2923 2922 1003
f 1003 2922 1002
f 2924 2923 1004
f 1004 2923 1003
f 2925 2924 1005
f 1005 2924 1004
f 2926 2925 1006
f 1006 2925 1005
f 2927 2926 1007
f 1007 2926 1006
f 2928 2927 1008
f 1008 2927 1007
f 2929 2928 1009
f 1009 2928 1008
f 2930 2929 1010
f 1010 2929 1009
f 2931 2930 1011
f 1011 2930 1010
f 2932 2931 1012
f 1012 2931 1011
f 2933 2932 1013
f 1013 2932 1012
f 2934 2933 1014
f 1014 2933 1013
f 2935 2934 1015
f 1015 2934 1014
f 2936 2935 1016
f 1016 2935 1015
f 2937 2936 1017
f 1017 2936 1016
f 2938 2937 1018
f 1018 2937 1017
f 2939 2938 1019
f 1019 2938 1018
f 2940 2939 1020
f 1020 2939 1019
f 2941 2940 1021
f 1021 2940 1020
f 2942 2941 1022
f 1022 2941 1021
f 2943 2942 1023
f 1023 2942 1022
f 2944 2943 1024
f 1024 2943 1023
f 2945 2944 1025
f 1025 2944 1024
f 2946 2945 1026
f 1026 2945 1025
f 2947 2946 1027
f 1027 2946 1026
f 2948 2947 1028
f 1028 2947 1027
f 2949 2948 1029
f 1029 2948 1028
f 2950 2949 1030
f 1030 2949 1029
f 2951 2950 1031
f 1031 2950 1030
f 2952 2951 1032
f 1032 2951 1031
f 2953 2952 1033
f 1033 2952 1032
f 2954 2953 1034
f 1034 2953 1033
f 2955 2954 1035
f 1035 2954 1034
f 2956 2955 1036
f 1036 2955 1035
f 2957 2956 1037
f 1037 2956 1036
f 2958 2957 1038
f 1038 2957 1037
f 2959 2958 1039
f 1039 2958 1038
f 2960 2959 1040
f 1040 2959 1039
f 2961 2960 1041
f 1041 2960 1040
f 2962 2961 1042
f 1042 2961 1041
f 2963 2962 1043
f 1043 2962 1042
f 2964 2963 1044
f 1044 2963 1043
f 2965 2964 1045
f 1045 2964 1044
f 2966 2965 1046
f 1046 2965 1045
f 2967 2966 1047
f 1047 2966 1046
f 2968 2967 1048
f 1048 2967 1047
f 2969 2968 1049
f 1049 2968 1048
f 2970 2969 1050
f 1050 2969 1049
f 2971 2970 1051
f 1051 2970 1050
f 2972 2971 1052
f 1052 2971 1051
f 2973 2972 1053
f 1053 2972 1052
f 2974 2973 1054
f 1054 2973 1053
f 2975 2974 1055
f 1055 2974 1054
f 2976 2975 1056
f 1056 2975 1055
f 2977 2976 1057
f 1057 2976 1056
f 2978 2977 1058
f 1058 2977 1057
f 2979 2978 1059
f 1059 2978 1058
f 2980 2979 1060
f 1060 2979 1059
f 2981 2980 1061
f 1061 2980 1060
f 2982 2981 1062
f 1062 2981 1061
f 2983 2982 1063
f 1063 2982 1062
f 2984 2983 1064
f 1064 2983 1063
f 2985 2984 1065
f 1065 2984 1064
f 2986 2985 1066
f 1066 2985 1065
f 2987 2986 1067
f 1067 2986 1066
f 2988 2987 1068
f 1068 2987 1067
f 2989 2988 1069
f 1069 2988 1068
f 2990 2989 1070
f 1070 2989 1069
f 2991 2990 1071
f 1071 2990 1070
f 2992 2991 1072
f 1072 2991 1071
f 2993 2992 1073
f 1073 2992 1072
f 2994 2993 1074
f 1074 2993 1073
f 2995 2994 1075
f 1075 2994 1074
f 2996 2995 1076
f 1076 2995 1075
f 2997 2996 1077
f 1077 2996 1076
f 2998 2997 1078
f 1078 2997 1077
f 2999 2998 1079
f 1079 2998 1078
f 3000 2999 1080
f 1080 2999 1079
f 3001 3000 1081
f 1081 3000 1080
f 3002 3001 1082
f 1082 3001 1081
f 3003 3002 1083
f 1083 3002 1082
f 3004 3003 1084
f 1084 3003 1083
f 3005 3004 1085
f 1085 3004 1084
f 3006 3005 1086
f 1086 3005 1085
f 3007 3006 1087
f 1087 3006 1086
f 3008 3007 1088
f 1088 3007 1087
f 3009 3008 1089
f 1089 3008 1088
f 3010 3009 1090
f 1090 3009 1089
f 3011 3010 1091
f 1091 3010 1090
f 3012 3011 1092
f 1092 3011 1091
f 3013 3012 1093
f 1093 3012 1092
f 3014 3013 1094
f 1094 3013 1093
f 3015 3014 1095
f 1095 3014 1094
f 3016 3015 1096
f 1096 3015 1095
f 3017 3016 1097
f 1097 3016 1096
f 3018 3017 1098
f 1098 3017 1097
f 3019 3018 1099
f 1099 3018 1098
f 3020 3019 1100
f 1100 3019 1099
f 3021 3020 1101
f 1101 3020 1100
f 3022 3021 1102
f 1102 3021 1101
f 3023 3022 1103
f 1103 3022 1102
f 3024 3023 1104
f 1104 3023 1103
f 3025 3024 1105
f 1105 3024 1104
f 3026 3025 1106
f 1106 3025 1105
f 3027 3026 1107
f 1107 3026 1106
f 3028 3027 1108
f 1108 3027 1107
f 3029 3028 1109
f 1109 3028 1108
f 3030 3029 1110
f 1110 3029 1109
f 3031 3030 1111
f 1111 3030 1110
f 3032 3031 1112
f 1112 3031 1111
f 3033 3032 1113
f 1113 3032 1112
f 3034 3033 1114
f 1114 3033 1113
f 3035 3034 1115
f 1115 3034 1114
f 3036 3035 1116
f 1116 3035 1115
f 3037 3036 1117
f 1117 3036 1116
f 3038 3037 1118
f 1118 3037 1117
f 3039 3038 1119
f 1119 3038 1118
f 3040 3039 1120
f 1120 3039 1119
f 3041 3040 1121
f 1121 3040 1120
f 3042 3041 1122
f 1122 3041 1121
f 3043 3042 1123
f 1123 3042 1122
f 3044 3043 1124
f 1124 3043 1123
f 3045 3044 1125
f 1125 3044 1124
f 3046 3045 1126
f 1126 3045 1125
f 3047 3046 1127
f 1127 3046 1126
f 3048 3047 1128
f 1128 3047 1127
f 3049 3048 1129
f 1129 3048 1128
f 3050 3049 1130
f 1130 3049 1129
f 3051 3050 1131
f 1131 3050 1130
f 3052 3051 1132
f 1132 3051 1131
f 3053 3052 1133
f 1133 3052 1132
f 3054 3053 1134
f 1134 3053 1133
f 3055 3054 1135
f 1135 3054 1134
f 3056 3055 1136
f 1136 3055 1135
f 3057 3056 1137
f 1137 3056 1136
f 3058 3057 1138
f 1138 3057 1137
f 3059 3058 1139
f 1139 3058 1138
f 3060 3059 1140
f 1140 3059 1139
f 3061 3060 1141
f 1141 3060 1140
f 3062 3061 1142
f 1142 3061 1141
f 3063 3062 1143
f 1143 3062 1142
f 3064 3063 1144
f 1144 3063 1143
f 3065 3064 1145
f 1145 3064 1144
f 3066 3065 1146
f 1146 3065 1145
f 3067 3066 1147
f 1147 3066 1146
f 3068 3067 1148
f 1148 3067 1147
f 3069 3068 1149
f 1149 3068 1148
f 3070 3069 1150
f 1150 3069 1149
f 3071 3070 1151
f 1151 3070 1150
f 3072 3071 1152
f 1152 3071 1151
f 3073 3072 1153
f 1153 3072 1152
f 3074 3073 1154
f 1154 3073 1153
f 3075 3074 1155
f 1155 3074 1154
f 3076 3075 1156
f 1156 3075 1155
f 3077 3076 1157
f 1157 3076 1156
f 3078 3077 1158
f 1158 3077 1157
f 3079 3078 1159
f 1159 3078 1158
f 3080 3079 1160
f 1160 3079 1159
f 3081 3080 1161
f 1161 3080 1160
f 3082 3081 1162
f 1162 3081 1161
f 3083 3082 1163
f 1163 3082 1162
f 3084 3083 1164
f 1164 3083 1163
f 3085 3084 1165
f 1165 3084 1164
f 3086 3085 1166
f 1166 3085 1165
f 3087 3086 1167
f 1167 3086 1166
f 3088 3087 1168
f 1168 3087 1167
f 3089 3088 1169
f 1169 3088 1168
f 3090 3089 1170
f 1170 3089 1169
f 3091 3090 1171
f 1171 3090 1170
f 3092 3091 1172
f 1172 3091 1171
f 3093 3092 1173
f 1173 3092 1172
f 3094 3093 1174
f 1174 3093 1173
f 3095 3094 1175
f 1175 3094 1174
f 3096 3095 1176
f 1176 3095 1175
f 3097 3096 1177
f 1177 3096 1176
f 3098 3097 1178
f 1178 3097 1177
f 3099 3098 1179
f 1179 3098 1178
f 3100 3099 1180
f 1180 3099 1179
f 3101 3100 1181
f 1181 3100 1180
f 3102 3101 1182
f 1182 3101 1181
f 3103 3102 1183
f 1183 3102 1182
f 3104 3103 1184
f 1184 3103 1183
f 3105 3104 1185
f 1185 3104 1184
f 3106 3105 1186
f 1186 3105 1185
f 3107 3106 1187
f 1187 3106 1186
f 3108 3107 1188
f 1188 3107 1187
f 3109 3108 1189
f 1189 3108 1188
f 3110 3109 1190
f 1190 3109 1189
f 3111 3110 1191
f 1191 3110 1190
f 3112 3111 1192
f 1192 3111 1191
f 3113 3112 1193
f 1193 3112 1192
f 3114 3113 1194
f 1194 3113 1193
f 3115 3114 1195
f 1195 3114 1194
f 3116 3115 1196
f 1196 3115 1195
f 3117 3116 1197
f 1197 3116 1196
f 3118 3117 1198
f 1198 3117 1197
f 3119 3118 1199
f 1199 3118 1198
f 2881 3120 961
f 961 3120 1200
f 3120 3119 1200
f 1200 3119 1199
f 3122 3121 1202
f 1202 3121 1201
f 3123 3122 1203
f 1203 3122 1202
f 3124 3123 1204
f 1204 3123 1203
f 3125 3124 1205
f 1205 3124 1204
f 3126 3125 1206
f 1206 3125 1205
f 3127 3126 1207
f 1207 3126 1206
f 3128 3127 1208
f 1208 3127 1207
f 3129 3128 1209
f 1209 3128 1208
f 3130 3129 1210
f 1210 3129 1209
f 3131 3130 1211
f 1211 3130 1210
f 3132 3131 1212
f 1212 3131 1211
f 3133 3132 1213
f 1213 3132 1212
f 3134 3133 1214
f 1214 3133 1213
f 3135 3134 1215
f 1215 3134 1214
f 3136 3135 1216
f 1216 3135 1215
f 3137 3136 1217
f 1217 3136 1216
f 3138 3137 1218
f 1218 3137 1217
f 3139 3138 1219
f 1219 3138 1218
f 3140 3139 1220
f 1220 3139 1219
f 3141 3140 1221
f 1221 3140 1220
f 3142 3141 1222
f 1222 3141 1221
f 3143 3142 1223
f 1223 3142 1222
f 3144 3143 1224
f 1224 3143 1223
f 3145 3144 1225
f 1225 3144 1224
f 3146 3145 1226
f 1226 3145 1225
f 3147 3146 1227
f 1227 3146 1226
f 3148 3147 1228
f 1228 3147 1227
f 3149 3148 1229
f 1229 3148 1228
f 3150 3149 1230
f 1230 3149 1229
f 3151 3150 1231
f 1231 3150 1230
f 3152 3151 1232
f 1232 3151 1231
f 3153 3152 1233
f 1233 3152 1232
f 3154 3153 1234
f 1234 3153 1233
f 3155 3154 1235
f 1235 3154 1234
f 3156 3155 1236
f 1236 3155 1235
f 3157 3156 1237
f 1237 3156 1236
f 3158 3157 1238
f 1238 3157 1237
f 3159 3158 1239
f 1239 3158 1238
f 3160 3159 1240
f 1240 3159 1239
f 3161 3160 1241
f 1241 3160 1240
f 3162 3161 1242
f 1242 3161 1241
f 3163 3162 1243
f 1243 3162 1242
f 3164 3163 1244
f 1244 3163 1243
f 3165 3164 1245
f 1245 3164 1244
f 3166 3165 1246
f 1246 3165 1245
f 3167 3166 1247
f 1247 3166 1246
f 3168 3167 1248
f 1248 3167 1247
f 3169 3168 1249
f 1249 3168 1248
f 3170 3169 1250
f 1250 3169 1249
f 3171 3170 1251
f 1251 3170 1250
f 3172 3171 1252
f 1252 3171 1251
f 3173 3172 1253
f 1253 3172 1252
f 3174 3173 1254
f 1254 3173 1253
f 3175 3174 1255
f 1255 3174 1254
f 3176 3175 1256
f 1256 3175 1255
f 3177 3176 1257
f 1257 3176 1256
f 3178 3177 1258
f 1258 3177 1257
f 3179 3178 1259
f 1259 3178 1258
f 3180 3179 1260
f 1260 3179 1259
f 3181 3180 1261
f 1261 3180 1260
f 3182 3181 1262
f 1262 3181 1261
f 3183 3182 1263
f 1263 3182 1262
f 3184 3183 1264
f 1264 3183 1263
f 3185 3184 1265
f 1265 3184 1264
f 3186 3185 1266
f 1266 3185 1265
f 3187 3186 1267
f 1267 3186 1266
f 3188 3187 1268
f 1268 3187 1267
f 3189 3188 1269
f 1269 3188 1268
f 3190 3189 1270
f 1270 3189 1269
f 3191 3190 1271
f 1271 3190 1270
f 3192 3191 1272
f 1272 3191 1271
f 3193 3192 1273
f 1273 3192 1272
f 3194 3193 1274
f 1274 3193 1273
f 3195 3194 1275
f 1275 3194 1274
f 3196 3195 1276
f 1276 3195 1275
f 3197 3196 1277
f 1277 3196 1276
f 3198 3197 1278
f 1278 3197 1277
f 3199 3198 1279
f 1279 3198 1278
f 3200 3199 1280
f 1280 3199 1279
f 3201 3200 1281
f 1281 3200 1280
f 3202 3201 1282
f 1282 3201 1281
f 3203 3202 1283
f 1283 3202 1282
f 3204 3203 1284
f 1284 3203 1283
f 3205 3204 1285
f 1285 3204 1284
f 3206 3205 1286
f 1286 3205 1285
f 3207 3206 1287
f 1287 3206 1286
f 3208 3207 1288
f 1288 3207 1287
f 3209 3208 1289
f 1289 3208 1288
f 3210 3209 1290
f 1290 3209 1289
f 3211 3210 1291
f 1291 3210 1290
f 3212 3211 1292
f 1292 3211 1291
f 3213 3212 1293
f 1293 3212 1292
f 3214 3213 1294
f 1294 3213 1293
f 3215 3214 1295
f 1295 3214 1294
f 3216 3215 1296
f 1296 3215 1295
f 3217 3216 1297
f 1297 3216 1296
f 3218 3217 1298
f 1298 3217 1297
f 3219 3218 1299
f 1299 3218 1298
f 3220 3219 1300
f 1300 3219 1299
f 3221 3220 1301
f 1301 3220 1300
f 3222 3221 1302
f 1302 3221 1301
f 3223 3222 1303
f 1303 3222 1302
f 3224 3223 1304
f 1304 3223 1303
f 3225 3224 1305
f 1305 3224 1304
f 3226 3225 1306
f 1306 3225 1305
f 3227 3226 1307
f 1307 3226 1306
f 3228 3227 1308
f 1308 3227 1307
f 3229 3228 1309
f 1309 3228 1308
f 3230 3229 1310
f 1310 3229 1309
f 3231 3230 1311
f 1311 3230 1310
f 3232 3231 1312
f 1312 3231 1311
f 3233 3232 1313
f 1313 3232 1312
f 3234 3233 1314
f 1314 3233 1313
f 3235 3234 1315
f 1315 3234 1314
f 3236 3235 1316
f 1316 3235 1315
f 3237 3236 1317
f 1317 3236 1316
f 3238 3237 1318
f 1318 3237 1317
f 3239 3238 1319
f 1319 3238 1318
f 3240 3239 1320
f 1320 3239 1319
f 3241 3240 1321
f 1321 3240 1320
f 3242 3241 1322
f 1322 3241 1321
f 3243 3242 1323
f 1323 3242 1322
f 3244 3243 1324
f 1324 3243 1323
f 3245 3244 1325
f 1325 3244 1324
f 3246 3245 1326
f 1326 3245 1325
f 3247 3246 1327
f 1327 3246 1326
f 3248 3247 1328
f 1328 3247 1327
f 3249 3248 1329
f 1329 3248 1328
f 3250 3249 1330
f 1330 3249 1329
f 3251 3250 1331
f 1331 3250 1330
f 3252 3251 1332
f 1332 3251 1331
f 3253 3252 1333
f 1333 3252 1332
f 3254 3253 1334
f 1334 3253 1333
f 3255 3254 1335
f 1335 3254 1334
f 3256 3255 1336
f 1336 3255 1335
f 3257 3256 1337
f 1337 3256 1336
f 3258 3257 1338
f 1338 3257 1337
f 3259 3258 1339
f 1339 3258 1338
f 3260 3259 1340
f 1340 3259 1339
f 3261 3260 1341
f 1341 3260 1340
f 3262 3261 1342
f 1342 3261 1341
f 3263 3262 1343
f 1343 3262 1342
f 3264 3263 1344
f 1344 3263 1343
f 3265 3264 1345
f 1345 3264 1344
f 3266 3265 1346
f 1346 3265 1345
f 3267 3266 1347
f 1347 3266 1346
f 3268 3267 1348
f 1348 3267 1347
f 3269 3268 1349
f 1349 3268 1348
f 3270 3269 1350
f 1350 3269 1349
f 3271 3270 1351
f 1351 3270 1350
f 3272 3271 1352
f 1352 3271 1351
f 3273 3272 1353
f 1353 3272 1352
f 3274 3273 1354
f 1354 3273 1353
f 3275 3274 1355
f 1355 3274 1354
f 3276 3275 1356
f 1356 3275 1355
f 3277 3276 1357
f 1357 3276 1356
f 3278 3277 1358
f 1358 3277 1357
f 3279 3278 1359
f 1359 3278 1358
f 3280 3279 1360
f 1360 3279 1359
f 3281 3280 1361
f 1361 3280 1360
f 3282 3281 1362
f 1362 3281 1361
f 3283 3282 1363
f 1363 3282 1362
f 3284 3283 1364
f 1364 3283 1363
f 3285 3284 1365
f 1365 3284 1364
f 3286 3285 1366
f 1366 3285 1365
f 3287 3286 1367
f 1367 3286 1366
f 3288 3287 1368
f 1368 3287 1367
f 3289 3288 1369
f 1369 3288 1368
f 3290 3289 1370
f 1370 3289 1369
f 3291 3290 1371
f 1371 3290 1370
f 3292 3291 1372
f 1372 3291 1371
f 3293 3292 1373
f 1373 3292 1372
f 3294 3293 1374
f 1374 3293 1373
f 3295 3294 1375
f 1375 3294 1374
f 3296 3295 1376
f 1376 3295 1375
f 3297 3296 1377
f 1377 3296 1376
f 3298 3297 1378
f 1378 3297 1377
f 3299 3298 1379
f 1379 3298 1378
f 3300 3299 1380
f 1380 3299 1379
f 3301 3300 1381
f 1381 3300 1380
f 3302 3301 1382
f 1382 3301 1381
f 3303 3302 1383
f 1383 3302 1382
f 3304 3303 1384
f 1384 3303 1383
f 3305 3304 1385
f 1385 3304 1384
f 3306 3305 1386
f 1386 3305 1385
f 3307 3306 1387
f 1387 3306 1386
f 3308 3307 1388
f 1388 3307 1387
f 3309 3308 1389
f 1389 3308 1388
f 3310 3309 1390
f 1390 3309 1389
f 3311 3310 1391
f 1391 3310 1390
f 3312 3311 1392
f 1392 3311 1391
f 3313 3312 1393
f 1393 3312 1392
f 3314 3313 1394
f 1394 3313 1393
f 3315 3314 1395
f 1395 3314 1394
f 3316 3315 1396
f 1396 3315 1395
f 3317 3316 1397
f 1397 3316 1396
f 3318 3317 1398
f 1398 3317 1397
f 3319 3318 1399
f 1399 3318 1398
f 3320 3319 1400
f 1400 3319 1399
f 3321 3320 1401
f 1401 3320 1400
f 3322 3321 1402
f 1402 3321 1401
f 3323 3322 1403
f 1403 3322 1402
f 3324 3323 1404
f 1404 3323 1403
f 3325 3324 1405
f 1405 3324 1404
f 3326 3325 1406
f 1406 3325 1405
f 3327 3326 1407
f 1407 3326 1406
f 3328 3327 1408
f 1408 3327 1407
f 3329 3328 1409
f 1409 3328 1408
f 3330 3329 1410
f 1410 3329 1409
f 3331 3330 1411
f 1411 3330 1410
f 3332 3331 1412
f 1412 3331 1411
f 3333 3332 1413
f 1413 3332 1412
f 3334 3333 1414
f 1414 3333 1413
f 3335 3334 1415
f 1415 3334 1414
f 3336 3335 1416
f 1416 3335 1415
f 3337 3336 1417
f 1417 3336 1416
f 3338 3337 1418
f 1418 3337 1417
f 3339 3338 1419
f 1419 3338 1418
f 3340 3339 1420
f 1420 3339 1419
f 3341 3340 1421
f 1421 3340 1420
f 3342 3341 1422
f 1422 3341 1421
f 3343 3342 1423
f 1423 3342 1422
f 3344 3343 1424
f 1424 3343 1423
f 3345 3344 1425
f 1425 3344 1424
f 3346 3345 1426
f 1426 3345 1425
f 3347 3346 1427
f 1427 3346 1426
f 3348 3347 1428
f 1428 3347 1427
f 3349 3348 1429
f 1429 3348 1428
f 3350 3349 1430
f 1430 3349 1429
f 3351 3350 1431
f 1431 3350 1430
f 3352 3351 1432
f 1432 3351 1431
f 3353 3352 1433
f 1433 3352 1432
f 3354 3353 1434
f 1434 3353 1433
f 3355 3354 1435
f 1435 3354 1434
f 3356 3355 1436
f 1436 3355 1435
f 3357 3356 1437
f 1437 3356 1436
f 3358 3357 1438
f 1438 3357 1437
f 3359 3358 1439
f 1439 3358 1438
f 3121 3360 1201
f 1201 3360 1440
f 3360 3359 1440
f 1440 3359 1439
f 3362 3361 1442
f 1442 3361 1441
f 3363 3362 1443
f 1443 3362 1442
f 3364 3363 1444
f 1444 3363 1443
f 3365 3364 1445
f 1445 3364 1444
f 3366 3365 1446
f 1446 3365 1445
f 3367 3366 1447
f 1447 3366 1446
f 3368 3367 1448
f 1448 3367 1447
f 3369 3368 1449
f 1449 3368 1448
f 3370 3369 1450
f 1450 3369 1449
f 3371 3370 1451
f 1451 3370 1450
f 3372 3371 1452
f 1452 3371 1451
f 3373 3372 1453
f 1453 3372 1452
f 3374 3373 1454
f 1454 3373 1453
f 3375 3374 1455
f 1455 3374 1454
f 3376 3375 1456
f 1456 3375 1455
f 3377 3376 1457
f 1457 3376 1456
f 3378 3377 1458
f 1458 3377 1457
f 3379 3378 1459
f 1459 3378 1458
f 3380 3379 1460
f 1460 3379 1459
f 3381 3380 1461
f 1461 3380 1460
f 3382 3381 1462
f 1462 3381 1461
f 3383 3382 1463
f 1463 3382 1462
f 3384 3383 1464
f 1464 3383 1463
f 3385 3384 1465
f 1465 3384 1464
f 3386 3385 1466
f 1466 3385 1465
f 3387 3386 1467
f 1467 3386 1466
f 3388 3387 1468
f 1468 3387 1467
f 3389 3388 1469
f 1469 3388 1468
f 3390 3389 1470
f 1470 3389 1469
f 3391 3390 1471
f 1471 3390 1470
f 3392 3391 1472
f 1472 3391 1471
f 3393 3392 1473
f 1473 3392 1472
f 3394 3393 1474
f 1474 3393 1473
f 3395 3394 1475
f 1475 3394 1474
f 3396 3395 1476
f 1476 3395 1475
f 3397 3396 1477
f 1477 3396 1476
f 3398 3397 1478
f 1478 3397 1477
f 3399 3398 1479
f 1479 3398 1478
f 3400 3399 1480
f 1480 3399 1479
f 3401 3400 1481
f 1481 3400 1480
f 3402 3401 1482
f 1482 3401 1481
f 3403 3402 1483
f 1483 3402 1482
f 3404 3403 1484
f 1484 3403 1483
f 3405 3404 1485
f 1485 3404 1484
f 3406 3405 1486
f 1486 3405 1485
f 3407 3406 1487
f 1487 3406 1486
f 3408 3407 1488
f 1488 3407 1487
f 3409 3408 1489
f 1489 3408 1488
f 3410 3409 1490
f 1490 3409 1489
f 3411 3410 1491
f 1491 3410 1490
f 3412 3411 1492
f 1492 3411 1491
f 3413 3412 1493
f 1493 3412 1492
f 3414 3413 1494
f 1494 3413 1493
f 3415 3414 1495
f 1495 3414 1494
f 3416 3415 1496
f 1496 3415 1495
f 3417 3416 1497
f 1497 3416 1496
f 3418 3417 1498
f 1498 3417 1497
f 3419 3418 1499
f 1499 3418 1498
f 3420 3419 1500
f 1500 3419 1499
f 3421 3420 1501
f 1501 3420 1500
f 3422 3421 1502
f 1502 3421 1501
f 3423 3422 1503
f 1503 3422 1502
f 3424 3423 1504
f 1504 3423 1503
f 3425 3424 1505
f 1505 3424 1504
f 3426 3425 1506
f 1506 3425 1505
f 3427 3426 1507
f 1507 3426 1506
f 3428 3427 1508
f 1508 3427 1507
f 3429 3428 1509
f 1509 3428 1508
f 3430 3429 1510
f 1510 3429 1509
f 3431 3430 1511
f 1511 3430 1510
f 3432 3431 1512
f 1512 3431 1511
f 3433 3432 1513
f 1513 3432 1512
f 3434 3433 1514
f 1514 3433 1513
f 3435 3434 1515
f 1515 3434 1514
f 3436 3435 1516
f 1516 3435 1515
f 3437 3436 1517
f 1517 3436 1516
f 3438 3437 1518
f 1518 3437 1517
f 3439 3438 1519
f 1519 3438 1518
f 3440 3439 1520
f 1520 3439 1519
f 3441 3440 1521
f 1521 3440 1520
f 3442 3441 1522
f 1522 3441 1521
f 3443 3442 1523
f 1523 3442 1522
f 3444 3443 1524
f 1524 3443 1523
f 3445 3444 1525
f 1525 3444 1524
f 3446 3445 1526
f 1526 3445 1525
f 3447 3446 1527
f 1527 3446 1526
f 3448 3447 1528
f 1528 3447 1527
f 3449 3448 1529
f 1529 3448 1528
f 3450 3449 1530
f 1530 3449 1529
f 3451 3450 1531
f 1531 3450 1530
f 3452 3451 1532
f 1532 3451 1531
f 3453 3452 1533
f 1533 3452 1532
f 3454 3453 1534
f 1534 3453 1533
f 3455 3454 1535
f 1535 3454 1534
f 3456 3455 1536
f 1536 3455 1535
f 3457 3456 1537
f 1537 3456 1536
f 3458 3457 1538
f 1538 3457 1537
f 3459 3458 1539
f 1539 3458 1538
f 3460 3459 1540
f 1540 3459 1539
f 3461 3460 1541
f 1541 3460 1540
f 3462 3461 1542
f 1542 3461 1541
f 3463 3462 1543
f 1543 3462 1542
f 3464 3463 1544
f 1544 3463 1543
f 3465 3464 1545
f 1545 3464 1544
f 3466 3465 1546
f 1546 3465 1545
f 3467 3466 1547
f 1547 3466 1546
f 3468 3467 1548
f 1548 3467 1547
f 3469 3468 1549
f 1549 3468 1548
f 3470 3469 1550
f 1550 3469 1549
f 3471 3470 1551
f 1551 3470 1550
f 3472 3471 1552
f 1552 3471 1551
f 3473 3472 1553
f 1553 3472 1552
f 3474 3473 1554
f 1554 3473 1553
f 3475 3474 1555
f 1555 3474 1554
f 3476 3475 1556
f 1556 3475 1555
f 3477 3476 1557
f 1557 3476 1556
f 3478 3477 1558
f 1558 3477 1557
f 3479 3478 1559
f 1559 3478 1558
f 3480 3479 1560
f 1560 3479 1559
f 3481 3480 1561
f 1561 3480 1560
f 3482 3481 1562
f 1562 3481 1561
f 3483 3482 1563
f 1563 3482 1562
f 3484 3483 1564
f 1564 3483 1563
f 3485 3484 1565
f 1565 3484 1564
f 3486 3485 1566
f 1566 3485 1565
f 3487 3486 1567
f 1567 3486 1566
f 3488 3487 1568
f 1568 3487 1567
f 3489 3488 1569
f 1569 3488 1568
f 3490 3489 1570
f 1570 3489 1569
f 3491 3490 1571
f 1571 3490 1570
f 3492 3491 1572
f 1572 3491 1571
f 3493 3492 1573
f 1573 3492 1572
f 3494 3493 1574
f 1574 3493 1573
f 3495 3494 1575
f 1575 3494 1574
f 3496 3495 1576
f 1576 3495 1575
f 3497 3496 1577
f 1577 3496 1576
f 3498 3497 1578
f 1578 3497 1577
f 3499 3498 1579
f 1579 3498 1578
f 3500 3499 1580
f 1580 3499 1579
f 3501 3500 1581
f 1581 3500 1580
f 3502 3501 1582
f 1582 3501 1581
f 3503 3502 1583
f 1583 3502 1582
f 3504 3503 1584
f 1584 3503 1583
f 3505 3504 1585
f 1585 3504 1584
f 3506 3505 1586
f 1586 3505 1585
f 3507 3506 1587
f 1587 3506 1586
f 3508 3507 1588
f 1588 3507 1587
f 3509 3508 1589
f 1589 3508 1588
f 3510 3509 1590
f 1590 3509 1589
f 3511 3510 1591
f 1591 3510 1590
f 3512 3511 1592
f 1592 3511 1591
f 3513 3512 1593
f 1593 3512 1592
f 3514 3513 1594
f 1594 3513 1593
f 3515 3514 1595
f 1595 3514 1594
f 3516 3515 1596
f 1596 3515 1595
f 3517 3516 1597
f 1597 3516 1596
f 3518 3517 1598
f 1598 3517 1597
f 3519 3518 1599
f 1599 3518 1598
f 3520 3519 1600
f 1600 3519 1599
f 3521 3520 1601
f 1601 3520 1600
f 3522 3521 1602
f 1602 3521 1601
f 3523 3522 1603
f 1603 3522 1602
f 3524 3523 1604
f 1604 3523 1603
f 3525 3524 1605
f 1605 3524 1604
f 3526 3525 1606
f 1606 3525 1605
f 3527 3526 1607
f 1607 3526 1606
f 3528 3527 1608
f 1608 3527 1607
f 3529 3528 1609
f 1609 3528 1608
f 3530 3529 1610
f 1610 3529 1609
f 3531 3530 1611
f 1611 3530 1610
f 3532 3531 1612
f 1612 3531 1611
f 3533 3532 1613
f 1613 3532 1612
f 3534 3533 1614
f 1614 3533 1613
f 3535 3534 1615
f 1615 3534 1614
f 3536 3535 1616
f 1616 3535 1615
f 3537 3536 1617
f 1617 3536 1616
f 3538 3537 1618
f 1618 3537 1617
f 3539 3538 1619
f 1619 3538 1618
f 3540 3539 1620
f 1620 3539 1619
f 3541 3540 1621
f 1621 3540 1620
f 3542 3541 1622
f 1622 3541 1621
f 3543 3542 1623
f 1623 3542 1622
f 3544 3543 1624
f 1624 3543 1623
f 3545 3544 1625
f 1625 3544 1624
f 3546 3545 1626
f 1626 3545 1625
f 3547 3546 1627
f 1627 3546 1626
f 3548 3547 1628
f 1628 3547 1627
f 3549 3548 1629
f 1629 3548 1628
f 3550 3549 1630
f 1630 3549 1629
f 3551 3550 1631
f 1631 3550 1630
f 3552 3551 1632
f 1632 3551 1631
f 3553 3552 1633
f 1633 3552 1632
f 3554 3553 1634
f 1634 3553 1633
f 3555 3554 1635
f 1635 3554 1634
f 3556 3555 1636
f 1636 3555 1635
f 3557 3556 1637
f 1637 3556 1636
f 3558 3557 1638
f 1638 3557 1637
f 3559 3558 1639
f 1639 3558 1638
f 3560 3559 1640
f 1640 3559 1639
f 3561 3560 1641
f 1641 3560 1640
f 3562 3561 1642
f 1642 3561 1641
f 3563 3562 1643
f 1643 3562 1642
f 3564 3563 1644
f 1644 3563 1643
f 3565 3564 1645
f 1645 3564 1644
f 3566 3565 1646
f 1646 3565 1645
f 3567 3566 1647
f 1647 3566 1646
f 3568 3567 1648
f 1648 3567 1647
f 3569 3568 1649
f 1649 3568 1648
f 3570 3569 1650
f 1650 3569 1649
f 3571 3570 1651
f 1651 3570 1650
f 3572 3571 1652
f 1652 3571 1651
f 3573 3572 1653
f 1653 3572 1652
f 3574 3573 1654
f 1654 3573 1653
f 3575 3574 1655
f 1655 3574 1654
f 3576 3575 1656
f 1656 3575 1655
f 3577 3576 1657
f 1657 3576 1656
f 3578 3577 1658
f 1658 3577 1657
f 3579 3578 1659
f 1659 3578 1658
f 3580 3579 1660
f 1660 3579 1659
f 3581 3580 1661
f 1661 3580 1660
f 3582 3581 1662
f 1662 3581 1661
f 3583 3582 1663
f 1663 3582 1662
f 3584 3583 1664
f 1664 3583 1663
f 3585 3584 1665
f 1665 3584 1664
f 3586 3585 1666
f 1666 3585 1665
f 3587 3586 1667
f 1667 3586 1666
f 3588 3587 1668
f 1668 3587 1667
f 3589 3588 1669
f 1669 3588 1668
f 3590 3589 1670
f 1670 3589 1669
f 3591 3590 1671
f 1671 3590 1670
f 3592 3591 1672
f 1672 3591 1671
f 3593 3592 1673
f 1673 3592 1672
f 3594 3593 1674
f 1674 3593 1673
f 3595 3594 1675
f 1675 3594 1674
f 3596 3595 1676
f 1676 3595 1675
f 3597 3596 1677
f 1677 3596 1676
f 3598 3597 1678
f 1678 3597 1677
f 3599 3598 1679
f 1679 3598 1678
f 3361 3600 1441
f 1441 3600 1680
f 3600 3599 1680
f 1680 3599 1679
f 3602 3601 1682
f 1682 3601 1681
f 3603 3602 1683
f 1683 3602 1682
f 3604 3603 1684
f 1684 3603 1683
f 3605 3604 1685
f 1685 3604 1684
f 3606 3605 1686
f 1686 3605 1685
f 3607 3606 1687
f 1687 3606 1686
f 3608 3607 1688
f 1688 3607 1687
f 3609 3608 1689
f 1689 3608 1688
f 3610 3609 1690
f 1690 3609 1689
f 3611 3610 1691
f 1691 3610 1690
f 3612 3611 1692
f 1692 3611 1691
f 3613 3612 1693
f 1693 3612 1692
f 3614 3613 1694
f 1694 3613 1693
f 3615 3614 1695
f 1695 3614 1694
f 3616 3615 1696
f 1696 3615 1695
f 3617 3616 1697
f 1697 3616 1696
f 3618 3617 1698
f 1698 3617 1697
f 3619 3618 1699
f 1699 3618 1698
f 3620 3619 1700
f 1700 3619 1699
f 3621 3620 1701
f 1701 3620 1700
f 3622 3621 1702
f 1702 3621 1701
f 3623 3622 1703
f 1703 3622 1702
f 3624 3623 1704
f 1704 3623 1703
f 3625 3624 1705
f 1705 3624 1704
f 3626 3625 1706
f 1706 3625 1705
f 3627 3626 1707
f 1707 3626 1706
f 3628 3627 1708
f 1708 3627 1707
f 3629 3628 1709
f 1709 3628 1708
f 3630 3629 1710
f 1710 3629 1709
f 3631 3630 1711
f 1711 3630 1710
f 3632 3631 1712
f 1712 3631 1711
f 3633 3632 1713
f 1713 3632 1712
f 3634 3633 1714
f 1714 3633 1713
f 3635 3634 1715
f 1715 3634 1714
f 3636 3635 1716
f 1716 3635 1715
f 3637 3636 1717
f 1717 3636 1716
f 3638 3637 1718
f 1718 3637 1717
f 3639 3638 1719
f 1719 3638 1718
f 3640 3639 1720
f 1720 3639 1719
f 3641 3640 1721
f 1721 3640 1720
f 3642 3641 1722
f 1722 3641 1721
f 3643 3642 1723
f 1723 3642 1722
f 3644 3643 1724
f 1724 3643 1723
f 3645 3644 1725
f 1725 3644 1724
f 3646 3645 1726
f 1726 3645 1725
f 3647 3646 1727
f 1727 3646 1726
f 3648 3647 1728
f 1728 3647 1727
f 3649 3648 1729
f 1729 3648 1728
f 3650 3649 1730
f 1730 3649 1729
f 3651 3650 1731
f 1731 3650 1730
f 3652 3651 1732
f 1732 3651 1731
f 3653 3652 1733
f 1733 3652 1732
f 3654 3653 1734
f 1734 3653 1733
f 3655 3654 1735
f 1735 3654 1734
f 3656 3655 1736
f 1736 3655 1735
f 3657 3656 1737
f 1737 3656 1736
f 3658 3657 1738
f 1738 3657 1737
f 3659 3658 1739
f 1739 3658 1738
f 3660 3659 1740
f 1740 3659 1739
f 3661 3660 1741
f 1741 3660 1740
f 3662 3661 1742
f 1742 3661 1741
f 3663 3662 1743
f 1743 3662 1742
f 3664 3663 1744
f 1744 3663 1743
f 3665 3664 1745
f 1745 3664 1744
f 3666 3665 1746
f 1746 3665 1745
f 3667 3666 1747
f 1747 3666 1746
f 3668 3667 1748
f 1748 3667 1747
f 3669 3668 1749
f 1749 3668 1748
f 3670 3669 1750
f 1750 3669 1749
f 3671 3670 1751
f 1751 3670 1750
f 3672 3671 1752
f 1752 3671 1751
f 3673 3672 1753
f 1753 3672 1752
f 3674 3673 1754
f 1754 3673 1753
f 3675 3674 1755
f 1755 3674 1754
f 3676 3675 1756
f 1756 3675 1755
f 3677 3676 1757
f 1757 3676 1756
f 3678 3677 1758
f 1758 3677 1757
f 3679 3678 1759
f 1759 3678 1758
f 3680 3679 1760
f 1760 3679 1759
f 3681 3680 1761
f 1761 3680 1760
f 3682 3681 1762
f 1762 3681 1761
f 3683 3682 1763
f 1763 3682 1762
f 3684 3683 1764
f 1764 3683 1763
f 3685 3684 1765
f 1765 3684 1764
f 3686 3685 1766
f 1766 3685 1765
f 3687 3686 1767
f 1767 3686 1766
f 3688 3687 1768
f 1768 3687 1767
f 3689 3688 1769
f 1769 3688 1768
f 3690 3689 1770
f 1770 3689 1769
f 3691 3690 1771
f 1771 3690 1770
f 3692 3691 1772
f 1772 3691 1771
f 3693 3692 1773
f 1773 3692 1772
f 3694 3693 1774
f 1774 3693 1773
f 3695 3694 1775
f 1775 3694 1774
f 3696 3695 1776
f 1776 3695 1775
f 3697 3696 1777
f 1777 3696 1776
f 3698 3697 1778
f 1778 3697 1777
f 3699 3698 1779
f 1779 3698 1778
f 3700 3699 1780
f 1780 3699 1779
f 3701 3700 1781
f 1781 3700 1780
f 3702 3701 1782
f 1782 3701 1781
f 3703 3702 1783
f 1783 3702 1782
f 3704 3703 1784
f 1784 3703 1783
f 3705 3704 1785
f 1785 3704 1784
f 3706 3705 1786
f 1786 3705 1785
f 3707 3706 1787
f 1787 3706 1786
f 3708 3707 1788
f 1788 3707 1787
f 3709 3708 1789
f 1789 3708 1788
f 3710 3709 1790
f 1790 3709 1789
f 3711 3710 1791
f 1791 3710 1790
f 3712 3711 1792
f 1792 3711 1791
f 3713 3712 1793
f 1793 3712 1792
f 3714 3713 1794
f 1794 3713 1793
f 3715 3714 1795
f 1795 3714 1794
f 3716 3715 1796
f 1796 3715 1795
f 3717 3716 1797
f 1797 3716 1796
f 3718 3717 1798
f 1798 3717 1797
f 3719 3718 1799
f 1799 3718 1798
f 3720 3719 1800
f 1800 3719 1799
f 3721 3720 1801
f 1801 3720 1800
f 3722 3721 1802
f 1802 3721 1801
f 3723 3722 1803
f 1803 3722 1802
f 3724 3723 1804
f 1804 3723 1803
f 3725 3724 1805
f 1805 3724 1804
f 3726 3725 1806
f 1806 3725 1805
f 3727 3726 1807
f 1807 3726 1806
f 3728 3727 1808
f 1808 3727 1807
f 3729 3728 1809
f 1809 3728 1808
f 3730 3729 1810
f 1810 3729 1809
f 3731 3730 1811
f 1811 3730 1810
f 3732 3731 1812
f 1812 3731 1811
f 3733 3732 1813
f 1813 3732 1812
f 3734 3733 1814
f 1814 3733 1813
f 3735 3734 1815
f 1815 3734 1814
f 3736 3735 1816
f 1816 3735 1815
f 3737 3736 1817
f 1817 3736 1816
f 3738 3737 1818
f 1818 3737 1817
f 3739 3738 1819
f 1819 3738 1818
f 3740 3739 1820
f 1820 3739 1819
f 3741 3740 1821
f 1821 3740 1820
f 3742 3741 1822
f 1822 3741 1821
f 3743 3742 1823
f 1823 3742 1822
f 3744 3743 1824
f 1824 3743 1823
f 3745 3744 1825
f 1825 3744 1824
f 3746 3745 1826
f 1826 3745 1825
f 3747 3746 1827
f 1827 3746 1826
f 3748 3747 1828
f 1828 3747 1827
f 3749 3748 1829
f 1829 3748 1828
f 3750 3749 1830
f 1830 3749 1829
f 3751 3750 1831
f 1831 3750 1830
f 3752 3751 1832
f 1832 3751 1831
f 3753 3752 1833
f 1833 3752 1832
f 3754 3753 1834
f 1834 3753 1833
f 3755 3754 1835
f 1835 3754 1834
f 3756 3755 1836
f 1836 3755 1835
f 3757 3756 1837
f 1837 3756 1836
f 3758 3757 1838
f 1838 3757 1837
f 3759 3758 1839
f 1839 3758 1838
f 3760 3759 1840
f 1840 3759 1839
f 3761 3760 1841
f 1841 3760 1840
f 3762 3761 1842
f 1842 3761 1841
f 3763 3762 1843
f 1843 3762 1842
f 3764 3763 1844
f 1844 3763 1843
f 3765 3764 1845
f 1845 3764 1844
f 3766 3765 1846
f 1846 3765 1845
f 3767 3766 1847
f 1847 3766 1846
f 3768 3767 1848
f 1848 3767 1847
f 3769 3768 1849
f 1849 3768 1848
f 3770 3769 1850
f 1850 3769 1849
f 3771 3770 1851
f 1851 3770 1850
f 3772 3771 1852
f 1852 3771 1851
f 3773 3772 1853
f 1853 3772 1852
f 3774 3773 1854
f 1854 3773 1853
f 3775 3774 1855
f 1855 3774 1854
f 3776 3775 1856
f 1856 3775 1855
f 3777 3776 1857
f 1857 3776 1856
f 3778 3777 1858
f 1858 3777 1857
f 3779 3778 1859
f 1859 3778 1858
f 3780 3779 1860
f 1860 3779 1859
f 3781 3780 1861
f 1861 3780 1860
f 3782 3781 1862
f 1862 3781 1861
f 3783 3782 1863
f 1863 3782 1862
f 3784 3783 1864
f 1864 3783 1863
f 3785 3784 1865
f 1865 3784 1864
f 3786 3785 1866
f 1866 3785 1865
f 3787 3786 1867
f 1867 3786 1866
f 3788 3787 1868
f 1868 3787 1867
f 3789 3788 1869
f 1869 3788 1868
f 3790 3789 1870
f 1870 3789 1869
f 3791 3790 1871
f 1871 3790 1870
f 3792 3791 1872
f 1872 3791 1871
f 3793 3792 1873
f 1873 3792 1872
f 3794 3793 1874
f 1874 3793 1873
f 3795 3794 1875
f 1875 3794 1874
f 3796 3795 1876
f 1876 3795 1875
f 3797 3796 1877
f 1877 3796 1876
f 3798 3797 1878
f 1878 3797 1877
f 3799 3798 1879
f 1879 3798 1878
f 3800 3799 1880
f 1880 3799 1879
f 3801 3800 1881
f 1881 3800 1880
f 3802 3801 1882
f 1882 3801 1881
f 3803 3802 1883
f 1883 3802 1882
f 3804 3803 1884
f 1884 3803 1883
f 3805 3804 1885
f 1885 3804 1884
f 3806 3805 1886
f 1886 3805 1885
f 3807 3806 1887
f 1887 3806 1886
f 3808 3807 1888
f 1888 3807 1887
f 3809 3808 1889
f 1889 3808 1888
f 3810 3809 1890
f 1890 3809 1889
f 3811 3810 1891
f 1891 3810 1890
f 3812 3811 1892
f 1892 3811 1891
f 3813 3812 1893
f 1893 3812 1892
f 3814 3813 1894
f 1894 3813 1893
f 3815 3814 1895
f 1895 3814 1894
f 3816 3815 1896
f 1896 3815 1895
f 3817 3816 1897
f 1897 3816 1896
f 3818 3817 1898
f 1898 3817 1897
f 3819 3818 1899
f 1899 3818 1898
f 3820 3819 1900
f 1900 3819 1899
f 3821 3820 1901
f 1901 3820 1900
f 3822 3821 1902
f 1902 3821 1901
f 3823 3822 1903
f 1903 3822 1902
f 3824 3823 1904
f 1904 3823 1903
f 3825 3824 1905
f 1905 3824 1904
f 3826 3825 1906
f 1906 3825 1905
f 3827 3826 1907
f 1907 3826 1906
f 3828 3827 1908
f 1908 3827 1907
f 3829 3828 1909
f 1909 3828 1908
f 3830 3829 1910
f 1910 3829 1909
f 3831 3830 1911
f 1911 3830 1910
f 3832 3831 1912
f 1912 3831 1911
f 3833 3832 1913
f 1913 3832 1912
f 3834 3833 1914
f 1914 3833 1913
f 3835 3834 1915
f 1915 3834 1914
f 3836 3835 1916
f 1916 3835 1915
f 3837 3836 1917
f 1917 3836 1916
f 3838 3837 1918
f 1918 3837 1917
f 3839 3838 1919
f 1919 3838 1918
f 3601 3840 1681
f 1681 3840 1920
f 3840 3839 1920
f 1920 3839 1919

